"Variables ->","GDP","NOM","NOM_SA","INFL","HUFEUR","MNB","BONDR","DEBTD","DEBTF","INTRD","INTRF","PBAL","VAT","Profit","Direct_tax","Contribution","Sales","GEXP_SA","GINC_SA","RD_SA","RF_SA"
"1999Q1",4.19774914e+03,2.56288100e+03,2.71877838e+03,6.60268857e-01,2.54920000e+02,1.60500000e+01,1.18802997e+01,3.99501800e+03,2.50870200e+03,2.17442075e+02,4.28387490e+01,-7.10617557e+00,2.73669333e+02,8.49576900e+01,2.65997648e+02,2.91951700e+02,7.57843264e+01,1.00698050e+03,1.02733730e+03,1.72121080e+01,6.90364450e+00
"1999Q2",4.25807455e+03,2.85518600e+03,2.80195793e+03,6.76474725e-01,2.49570000e+02,1.53181818e+01,1.20231864e+01,4.14682100e+03,2.49445000e+03,1.46490679e+02,4.37905162e+01,5.58321950e+01,3.32724667e+02,6.27426500e+01,2.33996120e+02,3.04100000e+02,7.74744059e+01,1.00437250e+03,1.06717660e+03,1.61939090e+01,6.92693800e+00
"1999Q3",4.35622018e+03,2.96296000e+03,2.92043514e+03,6.94866896e-01,2.57890000e+02,1.47803030e+01,1.21618616e+01,4.30301800e+03,2.62982000e+03,1.57892038e+02,4.43096897e+01,1.42098728e+02,3.60666680e+02,9.12980780e+01,2.52417424e+02,3.06900000e+02,8.74702560e+01,1.02645790e+03,1.13093630e+03,1.56486200e+01,6.83916190e+00
"1999Q4",4.43712202e+03,3.25917700e+03,3.00230356e+03,7.09206081e-01,2.54920000e+02,1.45586298e+01,1.13113927e+01,4.34630800e+03,2.61642800e+03,1.50098422e+02,4.58035948e+01,1.52373017e+02,4.21486473e+02,1.89089092e+02,2.75027443e+02,3.31800000e+02,1.11035012e+02,1.02552200e+03,1.19560980e+03,1.48898770e+01,6.93106040e+00
"2000Q1",4.43282309e+03,2.95129700e+03,3.04380358e+03,7.24993892e-01,2.58330000e+02,1.22611801e+01,9.16811573e+00,4.49843700e+03,2.64033500e+03,1.95081756e+02,4.52987496e+01,1.34830506e+02,3.84412376e+02,8.90168800e+01,3.14856890e+02,3.36281123e+02,8.58247844e+01,1.11262500e+03,1.24369770e+03,1.43138770e+01,6.87365240e+00
"2000Q2",4.45820406e+03,3.27718600e+03,3.18937045e+03,7.38276067e-01,2.60120000e+02,1.10666667e+01,9.19755304e+00,4.54533500e+03,2.61896800e+03,1.46570872e+02,4.44084218e+01,1.04840294e+02,3.93392257e+02,7.49603750e+01,2.74298044e+02,3.46634424e+02,9.08910040e+01,1.12553360e+03,1.25411250e+03,1.36544630e+01,6.83267910e+00
"2000Q3",4.51304411e+03,3.45175000e+03,3.36163969e+03,7.63240042e-01,2.63750000e+02,1.08514493e+01,8.90900395e+00,4.60535200e+03,2.55315400e+03,1.36690262e+02,4.47203576e+01,1.53478620e+02,4.27680817e+02,9.87570580e+01,2.96220357e+02,3.48774213e+02,9.21208203e+01,1.18382480e+03,1.29486280e+03,1.29183630e+01,6.95348870e+00
"2000Q4",4.58354704e+03,3.68867100e+03,3.49423328e+03,7.82639326e-01,2.64940000e+02,1.16287879e+01,1.00069879e+01,4.72574700e+03,2.61369600e+03,1.40145854e+02,4.43523261e+01,-8.42248200e+01,4.60415952e+02,2.15162454e+02,3.25931274e+02,3.73661451e+02,1.02342391e+02,1.32676970e+03,1.32859990e+03,1.21364980e+01,6.77897390e+00
"2001Q1",4.61013602e+03,3.34250500e+03,3.59224880e+03,8.00008061e-01,2.66700000e+02,1.13597826e+01,9.18742053e+00,4.83558000e+03,2.62132200e+03,1.52583605e+02,4.20987955e+01,1.97869161e+02,3.69999590e+02,1.04197500e+02,3.66509142e+02,3.97836297e+02,8.57139828e+01,1.20868820e+03,1.37503130e+03,1.14609870e+01,6.47141320e+00
"2001Q2",4.64099042e+03,3.81831600e+03,3.75681062e+03,8.16054967e-01,2.43590000e+02,1.12500000e+01,9.02854064e+00,4.97710300e+03,2.48508500e+03,1.39919254e+02,3.96665665e+01,4.70587290e+01,4.40416129e+02,1.00740760e+02,3.33197317e+02,3.81893237e+02,1.05203351e+02,1.35621040e+03,1.42780970e+03,1.09757470e+01,6.33268690e+00
"2001Q3",4.68002674e+03,3.89053000e+03,3.86903048e+03,8.29585991e-01,2.57750000e+02,1.11876667e+01,8.70400592e+00,5.13592200e+03,2.61169200e+03,1.17369542e+02,4.05029684e+01,8.50102290e+01,4.77906967e+02,1.11785076e+02,3.47448130e+02,3.84842016e+02,1.02310259e+02,1.41337450e+03,1.47129160e+03,1.06294450e+01,6.27733210e+00
"2001Q4",4.72563700e+03,4.05254700e+03,3.88580710e+03,8.38665516e-01,2.51400131e+02,1.04241005e+01,8.36266596e+00,5.52966300e+03,2.42363500e+03,1.53403190e+02,3.90323804e+01,-3.74794139e+01,4.81572733e+02,2.57813901e+02,3.97840647e+02,4.17301640e+02,1.17787407e+02,1.49740950e+03,1.49777450e+03,1.05805350e+01,6.37518830e+00
"2002Q1",4.81298200e+03,3.88902700e+03,4.16622025e+03,8.49675657e-01,2.44070348e+02,8.89795740e+00,7.46620222e+00,6.02286400e+03,2.30403900e+03,1.47549537e+02,3.57158630e+01,-1.15053370e+01,3.94114953e+02,1.18578513e+02,4.28214230e+02,4.33549833e+02,9.96990433e+01,1.56617410e+03,1.53271640e+03,9.92827440e+00,6.20093230e+00
"2002Q2",4.84519400e+03,4.22634500e+03,4.22618206e+03,8.61372858e-01,2.42936825e+02,8.71626431e+00,7.93952674e+00,6.30985400e+03,2.29294000e+03,1.78799838e+02,3.38115025e+01,-1.11324915e+02,4.56158914e+02,1.07001243e+02,3.84911691e+02,4.41401375e+02,1.11792832e+02,1.64943340e+03,1.57296390e+03,9.66429690e+00,5.97362860e+00
"2002Q3",4.89998800e+03,4.36166700e+03,4.29840956e+03,8.68285061e-01,2.45206354e+02,9.45544060e+00,8.56699702e+00,6.72999200e+03,2.27176700e+03,1.28277311e+02,3.37773490e+01,-8.70201421e+01,5.14665190e+02,1.29040893e+02,4.02459846e+02,4.13207123e+02,1.12024896e+02,1.73283630e+03,1.63225900e+03,9.05555750e+00,5.82197490e+00
"2002Q4",4.94318200e+03,4.64237700e+03,4.42860213e+03,8.78181782e-01,2.39292565e+02,9.17701458e+00,7.74936162e+00,7.20401300e+03,2.36976800e+03,1.49615926e+02,3.12354738e+01,-7.36958745e+02,5.66476181e+02,2.89740408e+02,4.47921795e+02,4.70995450e+02,1.27879229e+02,2.40816940e+03,1.69198240e+03,8.32081680e+00,5.38598060e+00
"2003Q1",4.98171100e+03,4.09596300e+03,4.48038687e+03,8.89074256e-01,2.43634090e+02,6.80803036e+00,6.47638408e+00,7.70719600e+03,2.53421800e+03,1.45484933e+02,3.34202670e+01,-5.79304256e+01,4.37667772e+02,1.29580541e+02,4.74291400e+02,4.92485805e+02,1.05156561e+02,1.73387400e+03,1.70459310e+03,8.25753920e+00,5.23543610e+00
"2003Q2",5.03194300e+03,4.61011700e+03,4.57596249e+03,8.96641233e-01,2.50865643e+02,6.92006428e+00,6.49689190e+00,7.88464000e+03,2.73499600e+03,2.02773755e+02,3.49496450e+01,-1.26787674e+02,5.31986739e+02,1.28256854e+02,3.84342673e+02,4.60932177e+02,1.25602241e+02,1.78788140e+03,1.72488620e+03,8.19412360e+00,5.07123100e+00
"2003Q3",5.08578300e+03,4.76428200e+03,4.73057268e+03,9.09438899e-01,2.59729174e+02,9.50000000e+00,7.89141979e+00,8.18206300e+03,2.70324600e+03,1.35190240e+02,3.18995603e+01,-7.41163888e+01,6.06233422e+02,1.43776608e+02,4.24082582e+02,4.62261625e+02,1.18896364e+02,1.93671980e+03,1.79849080e+03,8.48722720e+00,4.81916590e+00
"2003Q4",5.14574000e+03,5.26785300e+03,4.95129197e+03,9.24001499e-01,2.59905222e+02,1.05140674e+01,8.89581356e+00,8.29657000e+03,2.68527800e+03,1.98760792e+02,3.24575081e+01,-2.96916075e+01,6.20306558e+02,3.16174968e+02,4.63342973e+02,4.86139075e+02,1.44923834e+02,1.95591320e+03,1.82525590e+03,9.05211990e+00,4.70068130e+00
"2004Q1",5.20673600e+03,4.66735100e+03,5.08804207e+03,9.50111432e-01,2.60309591e+02,1.24750491e+01,9.95404775e+00,8.63980900e+03,2.80173900e+03,1.68883727e+02,2.96531733e+01,-1.84012312e+02,6.70481996e+02,1.62301711e+02,5.04106539e+02,5.14727696e+02,1.19144502e+02,2.09922780e+03,2.04700360e+03,8.85411330e+00,4.36318540e+00
"2004Q2",5.26634400e+03,5.24102600e+03,5.18447004e+03,9.62118062e-01,2.52121462e+02,1.16921031e+01,9.46786194e+00,8.93590100e+03,3.02771100e+03,2.70957557e+02,3.28944426e+01,-3.24871888e+02,6.00576022e+02,1.75000000e+02,3.82269760e+02,4.85658349e+02,1.35217775e+02,2.08791050e+03,1.86199270e+03,9.06453010e+00,4.25723650e+00
"2004Q3",5.32343500e+03,5.22495600e+03,5.21498913e+03,9.71492556e-01,2.48803239e+02,1.12526575e+01,9.68421040e+00,9.21883200e+03,3.01358700e+03,1.54411574e+02,3.04340262e+01,-6.10636184e+01,5.79143174e+02,1.51514097e+02,4.62342364e+02,4.93381326e+02,1.35111309e+02,2.05347110e+03,1.89326130e+03,8.79567870e+00,4.08279810e+00
"2004Q4",5.37525500e+03,5.53168300e+03,5.17751576e+03,9.78505765e-01,2.46007100e+02,1.03156413e+01,8.61965761e+00,9.03996600e+03,3.25624200e+03,1.74039330e+02,3.20125697e+01,1.35291346e+02,6.78504252e+02,3.37191747e+02,4.88392137e+02,5.15110122e+02,1.71297414e+02,2.00179790e+03,1.94917410e+03,7.96952710e+00,3.89580910e+00
"2005Q1",5.41704700e+03,4.76761800e+03,5.26620784e+03,9.86212958e-01,2.45103587e+02,8.78912380e+00,7.46009580e+00,9.40590900e+03,3.73483300e+03,1.78444771e+02,3.53682287e+01,-2.29073000e+02,5.25132077e+02,1.68725646e+02,5.39848869e+02,5.56381240e+02,1.26092168e+02,2.03787810e+03,2.00216010e+03,8.03325680e+00,3.85342090e+00
"2005Q2",5.49328900e+03,5.50570500e+03,5.47467118e+03,9.98181910e-01,2.49737193e+02,7.43276800e+00,7.04301518e+00,9.69651800e+03,3.94366800e+03,2.60799464e+02,4.03595360e+01,-2.57463000e+02,6.28846109e+02,2.01780415e+02,4.32097069e+02,5.45408433e+02,1.58182193e+02,2.18211290e+03,2.05583150e+03,7.91107210e+00,4.01613220e+00
"2005Q3",5.53921200e+03,5.64256900e+03,5.55512359e+03,1.00541457e+00,2.45592396e+02,6.54795138e+00,5.93393793e+00,9.75067700e+03,4.13004200e+03,1.04246751e+02,4.17452490e+01,1.43330000e+02,7.02504964e+02,1.57238522e+02,4.75874746e+02,5.33464250e+02,1.41798464e+02,2.08922470e+03,2.07432470e+03,7.42062970e+00,4.14667880e+00
"2005Q4",5.59965300e+03,6.10239100e+03,5.72228139e+03,1.01019056e+00,2.51824198e+02,6.00000000e+00,6.59101587e+00,9.64445700e+03,3.93805400e+03,2.14621089e+02,4.29319108e+01,1.78144839e+02,7.12194501e+02,3.59329445e+02,5.04116131e+02,5.48540834e+02,1.67298176e+02,2.04409480e+03,2.05884000e+03,7.82200200e+00,4.19908600e+00
"2006Q1",5.67450200e+03,5.13276100e+03,5.62590199e+03,1.01169735e+00,2.54404758e+02,6.00000000e+00,6.64944150e+00,1.02539530e+04,4.76335200e+03,1.92419913e+02,4.43460866e+01,-5.41586000e+02,5.15165956e+02,2.02593873e+02,5.62000562e+02,5.90648257e+02,1.54404784e+02,2.37980080e+03,2.10915110e+03,7.53831760e+00,3.88717990e+00
"2006Q2",5.72024300e+03,5.92574100e+03,5.88150180e+03,1.02510683e+00,2.66565292e+02,6.02968033e+00,6.96774797e+00,1.06568220e+04,4.90376500e+03,2.39432476e+02,4.90855239e+01,-2.60414000e+02,6.82194246e+02,2.05916626e+02,4.83490972e+02,5.34900993e+02,1.87901732e+02,2.39294320e+03,2.18053870e+03,7.53717760e+00,3.91634090e+00
"2006Q3",5.75022500e+03,6.14598800e+03,6.06021968e+03,1.04806409e+00,2.75521629e+02,6.81224864e+00,7.80132214e+00,1.09574930e+04,4.92940200e+03,1.39719390e+02,4.74006098e+01,-1.61317733e+01,7.24007614e+02,1.64625842e+02,5.28615583e+02,5.57075876e+02,1.63913802e+02,2.44276820e+03,2.22419810e+03,7.63286750e+00,3.83485510e+00
"2006Q4",5.77709900e+03,6.47136000e+03,6.10822752e+03,1.07491254e+00,2.60081144e+02,7.93401547e+00,7.66121847e+00,1.10339660e+04,4.55808000e+03,2.36366331e+02,4.13326692e+01,-4.06346555e+02,6.97736953e+02,5.00923016e+02,5.96859576e+02,6.09597076e+02,1.83501682e+02,2.73100840e+03,2.32366160e+03,7.61255960e+00,3.70135770e+00
"2007Q1",5.72834300e+03,5.64081200e+03,6.18245737e+03,1.09596662e+00,2.52346955e+02,8.00000000e+00,7.40154052e+00,1.12936130e+04,4.72886600e+03,2.34851264e+02,4.66929788e+01,-4.62747802e+02,6.67079927e+02,1.95819509e+02,6.81673887e+02,6.56958928e+02,1.70958168e+02,2.66448230e+03,2.44297260e+03,7.45305930e+00,3.87967580e+00
"2007Q2",5.72070000e+03,6.18511200e+03,6.12415458e+03,1.11209442e+00,2.48277001e+02,7.98605669e+00,6.94539533e+00,1.14856390e+04,4.87735000e+03,2.22957817e+02,4.81822547e+01,-1.20889995e+01,7.11163801e+02,2.29981798e+02,5.70833825e+02,6.26367027e+02,1.82417845e+02,2.44388240e+03,2.43693360e+03,7.27319420e+00,4.00221140e+00
"2007Q3",5.73549800e+03,6.34514800e+03,6.29724944e+03,1.12980569e+00,2.51805591e+02,7.73344459e+00,6.90871388e+00,1.13745080e+04,5.04573400e+03,1.52516594e+02,5.23833755e+01,5.59078246e+01,7.35750155e+02,1.78390961e+02,6.58748365e+02,6.33781529e+02,1.66551946e+02,2.59931040e+03,2.49381140e+03,7.44858990e+00,4.10325380e+00
"2007Q4",5.76728200e+03,6.82077300e+03,6.38798561e+03,1.15291359e+00,2.52825351e+02,7.50000000e+00,6.98797374e+00,1.14442120e+04,5.28860200e+03,2.16190820e+02,5.38267586e+01,6.31571629e+01,7.76379302e+02,6.75811703e+02,7.10122242e+02,6.48886064e+02,2.00544041e+02,2.64601110e+03,2.62505690e+03,7.57307850e+00,4.13413070e+00
"2008Q1",5.84701300e+03,6.19941900e+03,6.64308873e+03,1.17199758e+00,2.59361628e+02,7.50000000e+00,7.88290851e+00,1.18949060e+04,5.44366200e+03,2.82970053e+02,5.71808835e+01,-1.13569480e+02,6.83874970e+02,2.11200516e+02,7.33927264e+02,6.80084748e+02,1.59992351e+02,2.50821650e+03,2.63590650e+03,7.98486510e+00,4.08686850e+00
"2008Q2",5.83351800e+03,6.66784800e+03,6.74063561e+03,1.18447044e+00,2.47928333e+02,8.26662981e+00,8.80892271e+00,1.18621760e+04,5.22819900e+03,2.53169009e+02,4.95964268e+01,5.83363333e+01,7.73377754e+02,2.96766205e+02,6.91370507e+02,6.63724132e+02,1.98507273e+02,2.62881570e+03,2.68989900e+03,7.80498210e+00,3.98014270e+00
"2008Q3",5.77662300e+03,6.57226100e+03,6.55907816e+03,1.19916142e+00,2.36167241e+02,8.50000000e+00,8.47693115e+00,1.18622490e+04,5.43682100e+03,1.89979565e+02,5.93711060e+01,2.61688695e+02,7.73236368e+02,2.25252576e+02,7.19551775e+02,6.75845906e+02,1.51700257e+02,2.53060990e+03,2.68456220e+03,8.09367210e+00,4.20101940e+00
"2008Q4",5.65063000e+03,7.10612000e+03,6.60284649e+03,1.20458663e+00,2.62418429e+02,1.03715642e+01,1.02610399e+01,1.15843400e+04,7.76251100e+03,2.12147600e+02,7.32219912e+01,5.10618813e+01,7.29148292e+02,5.98257736e+02,7.63596048e+02,6.81673999e+02,2.53843119e+02,2.72318220e+03,2.64671020e+03,7.83746180e+00,3.77536020e+00
"2009Q1",5.46362600e+03,5.83117400e+03,6.43040373e+03,1.20948597e+00,2.94242712e+02,9.60343054e+00,1.06993772e+01,1.15895870e+04,1.02470900e+04,2.48573043e+02,8.09849775e+01,-1.75047724e+02,6.46029729e+02,2.26123918e+02,7.11943008e+02,6.65948024e+02,1.74024158e+02,2.54923640e+03,2.59951400e+03,7.63076790e+00,3.30480350e+00
"2009Q2",5.39630600e+03,6.36717300e+03,6.39328758e+03,1.22582004e+00,2.85863198e+02,9.50000000e+00,1.01295096e+01,1.11012280e+04,8.88904400e+03,2.73844488e+02,8.08852550e+01,7.28757990e+01,7.63690915e+02,3.08381985e+02,6.68024389e+02,6.41526679e+02,2.22154913e+02,2.54967710e+03,2.64351850e+03,8.32664320e+00,3.51168420e+00
"2009Q3",5.34925600e+03,6.37760700e+03,6.33910671e+03,1.25872619e+00,2.71272891e+02,8.55849038e+00,8.25354807e+00,1.09154810e+04,9.52722500e+03,1.47224022e+02,8.28871371e+01,-1.38206848e+01,8.07754480e+02,1.60630883e+02,6.71100014e+02,6.00515878e+02,1.68173296e+02,2.59502960e+03,2.54675410e+03,8.00309550e+00,3.53370920e+00
"2009Q4",5.36165400e+03,7.04691300e+03,6.46006797e+03,1.26712746e+00,2.70904444e+02,6.85710775e+00,7.03732617e+00,1.09461400e+04,9.47626300e+03,2.05931071e+02,8.25460436e+01,3.00539637e+02,8.45043829e+02,5.01584430e+02,6.92740957e+02,5.77709133e+02,2.03528634e+02,2.44379460e+03,2.49729100e+03,7.54600640e+00,3.46691620e+00
"2010Q1",5.41905800e+03,5.93369500e+03,6.55076820e+03,1.28181094e+00,2.68671121e+02,5.95728217e+00,6.73472153e+00,1.11353230e+04,9.91265900e+03,2.86198724e+02,8.41102304e+01,-1.88130647e+02,7.57342246e+02,1.89749243e+02,6.97294183e+02,5.73097812e+02,1.72455682e+02,2.50830270e+03,2.49964560e+03,7.59756630e+00,3.37388190e+00
"2010Q2",5.44430500e+03,6.57498300e+03,6.62774231e+03,1.29209153e+00,2.74305847e+02,5.32024582e+00,6.31008312e+00,1.11284660e+04,1.09668790e+04,1.95225202e+02,9.03278546e+01,-2.39484363e+02,8.02011172e+02,2.20735613e+02,6.26358849e+02,5.50589359e+02,2.00323774e+02,2.61454340e+03,2.49986040e+03,7.11070880e+00,3.36991780e+00
"2010Q3",5.47934700e+03,6.82359200e+03,6.76510717e+03,1.30833469e+00,2.82437778e+02,5.25000000e+00,6.67530987e+00,1.15591220e+04,1.01724080e+04,7.69634937e+01,9.33273123e+01,8.44819335e+01,8.48432241e+02,1.89981167e+02,6.74939329e+02,5.37500967e+02,1.70967803e+02,2.44819510e+03,2.52659210e+03,6.82813990e+00,3.55139250e+00
"2010Q4",5.49501400e+03,7.41539100e+03,6.80404432e+03,1.32075727e+00,2.75875159e+02,5.36407440e+00,6.88047981e+00,1.15025750e+04,1.02474660e+04,2.52635287e+02,9.00485045e+01,3.95559829e+02,7.71524812e+02,6.59521886e+02,7.45365323e+02,5.37977899e+02,2.23466740e+02,2.55690650e+03,2.60967020e+03,7.20097550e+00,3.69592840e+00
"2011Q1",5.54050800e+03,6.23939500e+03,6.88533000e+03,1.33347605e+00,2.72454444e+02,5.93228957e+00,6.92949803e+00,1.21404680e+04,1.03099640e+04,3.16010876e+02,1.07356185e+02,-2.68716895e+02,7.31742826e+02,2.42088257e+02,6.82514881e+02,7.32728012e+02,1.84749461e+02,2.75117260e+03,2.68458460e+03,6.83614020e+00,3.91467460e+00
"2011Q2",5.54553900e+03,6.86855100e+03,6.94324156e+03,1.34481454e+00,2.66305263e+02,6.00000000e+00,6.64375103e+00,1.08595230e+04,1.04218650e+04,1.45284590e+02,8.80587186e+01,-1.17261655e+02,8.17205458e+02,2.53977916e+02,6.36156653e+02,7.33599361e+02,1.96519975e+02,2.77619600e+03,2.78291920e+03,6.42437860e+00,3.61718940e+00
"2011Q3",5.55596500e+03,7.19248400e+03,7.12923575e+03,1.35488642e+00,2.74825156e+02,6.00000000e+00,6.80244201e+00,1.10670970e+04,1.18634870e+04,6.29399887e+01,1.14695505e+02,-2.88996800e+02,8.95355403e+02,3.04997739e+02,6.78924722e+02,7.40582593e+02,1.71434696e+02,3.08392820e+03,2.83232150e+03,6.32287790e+00,3.71857640e+00
"2011Q4",5.56603300e+03,7.85387400e+03,7.19750057e+03,1.37460043e+00,3.03514024e+02,6.22430100e+00,7.87851450e+00,1.11180000e+04,1.15310000e+04,2.03455653e+02,1.05063339e+02,6.43697275e+01,8.12292337e+02,5.11936618e+02,6.79196296e+02,7.44496822e+02,2.28576524e+02,2.97185140e+03,2.72045610e+03,6.00802920e+00,3.71151070e+00
"2012Q1",5.54560300e+03,7.37172434e+03,7.25363470e+03,1.40734890e+00,2.95000000e+02,7.00000000e+00,7.92432288e+00,1.12713301e+04,1.14476065e+04,2.09092820e+02,1.25740070e+02,7.37172434e+01,8.12292337e+02,5.11936618e+02,6.79196296e+02,7.44496822e+02,2.28576524e+02,NaN,NaN,NaN,NaN
"2012Q2",5.54969800e+03,7.37172434e+03,7.31190907e+03,1.42116354e+00,2.98529249e+02,6.99708100e+00,7.85616225e+00,1.14246601e+04,1.13642130e+04,2.09092820e+02,1.25740070e+02,7.37172434e+01,8.12292337e+02,5.11936618e+02,6.79196296e+02,7.44496822e+02,2.28576524e+02,NaN,NaN,NaN,NaN
"2012Q3",5.56098384e+03,7.37172434e+03,7.39693474e+03,1.43662458e+00,2.98951787e+02,6.99708100e+00,7.39558929e+00,1.15779902e+04,1.12808195e+04,2.09092820e+02,1.25740070e+02,7.37172434e+01,8.12292337e+02,5.11936618e+02,6.79196296e+02,7.44496822e+02,2.28576524e+02,NaN,NaN,NaN,NaN
"2012Q4",5.57667378e+03,7.37172434e+03,7.47115806e+03,1.44472416e+00,2.98312993e+02,6.99708100e+00,7.35456090e+00,1.17313202e+04,1.11974260e+04,2.09092820e+02,1.25740070e+02,7.37172434e+01,8.12292337e+02,5.11936618e+02,6.79196296e+02,7.44496822e+02,2.28576524e+02,NaN,NaN,NaN,NaN
"2013Q1",5.60305516e+03,7.72455394e+03,7.54743365e+03,1.45428810e+00,2.97433142e+02,6.59221500e+00,7.03867396e+00,1.19137829e+04,1.12877026e+04,2.19104158e+02,1.41826632e+02,7.72455394e+01,8.12292337e+02,5.11936618e+02,6.79196296e+02,7.44496822e+02,2.28576524e+02,NaN,NaN,NaN,NaN
"2013Q2",5.62602151e+03,7.72455394e+03,7.63333330e+03,1.46388686e+00,2.96552991e+02,6.59221500e+00,6.95022159e+00,1.20962456e+04,1.13779792e+04,2.19104158e+02,1.41826632e+02,7.72455394e+01,8.12292337e+02,5.11936618e+02,6.79196296e+02,7.44496822e+02,2.28576524e+02,NaN,NaN,NaN,NaN
"2013Q3",5.65083025e+03,7.72455394e+03,7.72869988e+03,1.47758466e+00,2.95655970e+02,6.59221500e+00,6.75769603e+00,1.22787082e+04,1.14682559e+04,2.19104158e+02,1.41826632e+02,7.72455394e+01,8.12292337e+02,5.11936618e+02,6.79196296e+02,7.44496822e+02,2.28576524e+02,NaN,NaN,NaN,NaN
"2013Q4",5.68184897e+03,7.72455394e+03,7.83045940e+03,1.48563739e+00,2.94661532e+02,6.59221500e+00,6.92020427e+00,1.24611709e+04,1.15585325e+04,2.19104158e+02,1.41826632e+02,7.72455394e+01,8.12292337e+02,5.11936618e+02,6.79196296e+02,7.44496822e+02,2.28576524e+02,NaN,NaN,NaN,NaN
"2014Q1",5.71571017e+03,8.10585046e+03,8.21698358e+03,1.49273880e+00,2.92366500e+02,6.22633700e+00,6.77781326e+00,1.26478948e+04,1.16315200e+04,2.30787160e+02,1.58968554e+02,8.10585046e+01,8.12292337e+02,5.11936618e+02,6.79196296e+02,7.44496822e+02,2.28576524e+02,NaN,NaN,NaN,NaN
"2014Q2",5.75313119e+03,8.10585046e+03,8.21698358e+03,1.50163824e+00,2.92366500e+02,6.22633700e+00,6.71320996e+00,1.28346186e+04,1.17045076e+04,2.30787160e+02,1.58968554e+02,8.10585046e+01,8.12292337e+02,5.11936618e+02,6.79196296e+02,7.44496822e+02,2.28576524e+02,NaN,NaN,NaN,NaN
"2014Q3",5.78704770e+03,8.10585046e+03,8.21698358e+03,1.51403245e+00,2.92366500e+02,6.22633700e+00,6.72250722e+00,1.30213425e+04,1.17774952e+04,2.30787160e+02,1.58968554e+02,8.10585046e+01,8.12292337e+02,5.11936618e+02,6.79196296e+02,7.44496822e+02,2.28576524e+02,NaN,NaN,NaN,NaN
"2014Q4",5.81870632e+03,8.10585046e+03,8.21698358e+03,1.52355100e+00,2.92366500e+02,6.22633700e+00,6.90882631e+00,1.32080664e+04,1.18504828e+04,2.30787160e+02,1.58968554e+02,8.10585046e+01,8.12292337e+02,5.11936618e+02,6.79196296e+02,7.44496822e+02,2.28576524e+02,NaN,NaN,NaN,NaN
"2015Q1",5.84878595e+03,8.50003340e+03,8.61657086e+03,1.53297599e+00,2.92366500e+02,6.22633700e+00,6.92905298e+00,1.34088149e+04,1.19646656e+04,2.43812001e+02,1.68804585e+02,8.50003340e+01,8.12292337e+02,5.11936618e+02,6.79196296e+02,7.44496822e+02,2.28576524e+02,NaN,NaN,NaN,NaN
"2015Q2",5.87750855e+03,8.50003340e+03,8.61657086e+03,1.54292644e+00,2.92366500e+02,6.22633700e+00,6.95195873e+00,1.36095635e+04,1.20788484e+04,2.43812001e+02,1.68804585e+02,8.50003340e+01,8.12292337e+02,5.11936618e+02,6.79196296e+02,7.44496822e+02,2.28576524e+02,NaN,NaN,NaN,NaN
"2015Q3",5.90445618e+03,8.50003340e+03,8.61657086e+03,1.55517652e+00,2.92366500e+02,6.22633700e+00,6.93388454e+00,1.38103121e+04,1.21930312e+04,2.43812001e+02,1.68804585e+02,8.50003340e+01,8.12292337e+02,5.11936618e+02,6.79196296e+02,7.44496822e+02,2.28576524e+02,NaN,NaN,NaN,NaN
"2015Q4",5.93047866e+03,8.50003340e+03,8.61657086e+03,1.56527959e+00,2.92366500e+02,6.22633700e+00,7.05585312e+00,1.40110606e+04,1.23072140e+04,2.43812001e+02,1.68804585e+02,8.50003340e+01,8.12292337e+02,5.11936618e+02,6.79196296e+02,7.44496822e+02,2.28576524e+02,NaN,NaN,NaN,NaN
"2016Q1",5.95580947e+03,8.88885540e+03,9.01072370e+03,1.57530001e+00,2.92366500e+02,6.22633700e+00,7.06565697e+00,1.42262965e+04,1.24264576e+04,2.58297602e+02,1.76910147e+02,8.88885540e+01,8.12292337e+02,5.11936618e+02,6.79196296e+02,7.44496822e+02,2.28576524e+02,NaN,NaN,NaN,NaN
"2016Q2",5.98047295e+03,8.88885540e+03,9.01072370e+03,1.58598869e+00,2.92366500e+02,6.22633700e+00,7.07380727e+00,1.44415323e+04,1.25457013e+04,2.58297602e+02,1.76910147e+02,8.88885540e+01,8.12292337e+02,5.11936618e+02,6.79196296e+02,7.44496822e+02,2.28576524e+02,NaN,NaN,NaN,NaN
"2016Q3",6.00413388e+03,8.88885540e+03,9.01072370e+03,1.59835784e+00,2.92366500e+02,6.22633700e+00,7.06885167e+00,1.46567682e+04,1.26649449e+04,2.58297602e+02,1.76910147e+02,8.88885540e+01,8.12292337e+02,5.11936618e+02,6.79196296e+02,7.44496822e+02,2.28576524e+02,NaN,NaN,NaN,NaN
"2016Q4",6.02738201e+03,8.88885540e+03,9.01072370e+03,1.60920759e+00,2.92366500e+02,6.22633700e+00,7.16149721e+00,1.48720040e+04,1.27841886e+04,2.58297602e+02,1.76910147e+02,8.88885540e+01,8.12292337e+02,5.11936618e+02,6.79196296e+02,7.44496822e+02,2.28576524e+02,NaN,NaN,NaN,NaN
"2017Q1",6.06170853e+03,9.31831355e+03,9.44606983e+03,1.62255901e+00,2.92366500e+02,6.22633700e+00,7.11512260e+00,1.51039012e+04,1.29073900e+04,2.75998293e+02,1.85611675e+02,9.31831355e+01,8.12292337e+02,5.11936618e+02,6.79196296e+02,7.44496822e+02,2.28576524e+02,NaN,NaN,NaN,NaN
"2017Q2",6.08681054e+03,9.31831355e+03,9.44606983e+03,1.63356835e+00,2.92366500e+02,6.22633700e+00,7.23546618e+00,1.53357985e+04,1.30305913e+04,2.75998293e+02,1.85611675e+02,9.31831355e+01,8.12292337e+02,5.11936618e+02,6.79196296e+02,7.44496822e+02,2.28576524e+02,NaN,NaN,NaN,NaN
"2017Q3",6.11089218e+03,9.31831355e+03,9.44606983e+03,1.64630858e+00,2.92366500e+02,6.22633700e+00,7.19530902e+00,1.55676957e+04,1.31537927e+04,2.75998293e+02,1.85611675e+02,9.31831355e+01,8.12292337e+02,5.11936618e+02,6.79196296e+02,7.44496822e+02,2.28576524e+02,NaN,NaN,NaN,NaN
"2017Q4",6.13455369e+03,9.31831355e+03,9.44606983e+03,1.65748381e+00,2.92366500e+02,6.22633700e+00,7.25294669e+00,1.57995930e+04,1.32769940e+04,2.75998293e+02,1.85611675e+02,9.31831355e+01,8.12292337e+02,5.11936618e+02,6.79196296e+02,7.44496822e+02,2.28576524e+02,NaN,NaN,NaN,NaN
"2018Q1",6.17170769e+03,9.77203116e+03,9.90600801e+03,1.67123578e+00,2.92366500e+02,6.22633700e+00,7.12792393e+00,1.60463418e+04,1.34065479e+04,2.93717507e+02,1.94554498e+02,9.77203116e+01,8.12292337e+02,5.11936618e+02,6.79196296e+02,7.44496822e+02,2.28576524e+02,NaN,NaN,NaN,NaN
"2018Q2",6.19726522e+03,9.77203116e+03,9.90600801e+03,1.68257540e+00,2.92366500e+02,6.22633700e+00,7.16824041e+00,1.62930907e+04,1.35361017e+04,2.93717507e+02,1.94554498e+02,9.77203116e+01,8.12292337e+02,5.11936618e+02,6.79196296e+02,7.44496822e+02,2.28576524e+02,NaN,NaN,NaN,NaN
"2018Q3",6.22178386e+03,9.77203116e+03,9.90600801e+03,1.69569784e+00,2.92366500e+02,6.22633700e+00,7.08526255e+00,1.65398396e+04,1.36656555e+04,2.93717507e+02,1.94554498e+02,9.77203116e+01,8.12292337e+02,5.11936618e+02,6.79196296e+02,7.44496822e+02,2.28576524e+02,NaN,NaN,NaN,NaN
"2018Q4",6.24587473e+03,9.77203116e+03,9.90600801e+03,1.70720833e+00,2.92366500e+02,6.22633700e+00,7.13613132e+00,1.67865884e+04,1.37952093e+04,2.93717507e+02,1.94554498e+02,9.77203116e+01,8.12292337e+02,5.11936618e+02,6.79196296e+02,7.44496822e+02,2.28576524e+02,NaN,NaN,NaN,NaN
"2019Q1",6.28528311e+03,1.02504177e+04,1.03909534e+04,1.72137286e+00,2.92366500e+02,6.22633700e+00,7.05219203e+00,1.70488313e+04,1.39313396e+04,3.12217826e+02,2.03830792e+02,1.02504177e+02,8.12292337e+02,5.11936618e+02,6.79196296e+02,7.44496822e+02,2.28576524e+02,NaN,NaN,NaN,NaN
"2019Q2",6.31131097e+03,1.02504177e+04,1.03909534e+04,1.73305266e+00,2.92366500e+02,6.22633700e+00,7.14099371e+00,1.73110742e+04,1.40674699e+04,3.12217826e+02,2.03830792e+02,1.02504177e+02,8.12292337e+02,5.11936618e+02,6.79196296e+02,7.44496822e+02,2.28576524e+02,NaN,NaN,NaN,NaN
"2019Q3",6.33628081e+03,1.02504177e+04,1.03909534e+04,1.74656877e+00,2.92366500e+02,6.22633700e+00,7.07288856e+00,1.75733170e+04,1.42036002e+04,3.12217826e+02,2.03830792e+02,1.02504177e+02,8.12292337e+02,5.11936618e+02,6.79196296e+02,7.44496822e+02,2.28576524e+02,NaN,NaN,NaN,NaN
"2019Q4",6.36081502e+03,1.02504177e+04,1.03909534e+04,1.75842458e+00,2.92366500e+02,6.22633700e+00,7.13055230e+00,1.78355599e+04,1.43397305e+04,3.12217826e+02,2.03830792e+02,1.02504177e+02,8.12292337e+02,5.11936618e+02,6.79196296e+02,7.44496822e+02,2.28576524e+02,NaN,NaN,NaN,NaN
"2020Q1",6.40207508e+03,1.07541158e+04,1.09015572e+04,1.77301404e+00,2.92366500e+02,6.22633700e+00,7.04967222e+00,1.81139664e+04,1.44826696e+04,3.31838383e+02,2.13154600e+02,1.07541158e+02,8.12292337e+02,5.11936618e+02,6.79196296e+02,7.44496822e+02,2.28576524e+02,NaN,NaN,NaN,NaN
"2020Q2",6.42858658e+03,1.07541158e+04,1.09015572e+04,1.78504424e+00,2.92366500e+02,6.22633700e+00,7.13985561e+00,1.83923729e+04,1.46256088e+04,3.31838383e+02,2.13154600e+02,1.07541158e+02,8.12292337e+02,5.11936618e+02,6.79196296e+02,7.44496822e+02,2.28576524e+02,NaN,NaN,NaN,NaN
"2020Q3",6.45402041e+03,1.07541158e+04,1.09015572e+04,1.79896584e+00,2.92366500e+02,6.22633700e+00,7.07237451e+00,1.86707794e+04,1.47685479e+04,3.31838383e+02,2.13154600e+02,1.07541158e+02,8.12292337e+02,5.11936618e+02,6.79196296e+02,7.44496822e+02,2.28576524e+02,NaN,NaN,NaN,NaN
"2020Q4",6.47901051e+03,1.07541158e+04,1.09015572e+04,1.81117731e+00,2.92366500e+02,6.22633700e+00,7.13032012e+00,1.89491859e+04,1.49114871e+04,3.31838383e+02,2.13154600e+02,1.07541158e+02,8.12292337e+02,5.11936618e+02,6.79196296e+02,7.44496822e+02,2.28576524e+02,NaN,NaN,NaN,NaN
"2021Q1",6.52184043e+03,1.12839548e+04,1.14386605e+04,1.82620446e+00,2.92366500e+02,6.22633700e+00,7.04956735e+00,1.92444623e+04,1.50614803e+04,3.52645140e+02,2.22526703e+02,1.12839548e+02,8.12292337e+02,5.11936618e+02,6.79196296e+02,7.44496822e+02,2.28576524e+02,NaN,NaN,NaN,NaN
"2021Q2",6.54884788e+03,1.12839548e+04,1.14386605e+04,1.83859557e+00,2.92366500e+02,6.22633700e+00,7.13980825e+00,1.95397388e+04,1.52114736e+04,3.52645140e+02,2.22526703e+02,1.12839548e+02,8.12292337e+02,5.11936618e+02,6.79196296e+02,7.44496822e+02,2.28576524e+02,NaN,NaN,NaN,NaN
"2021Q3",6.57475751e+03,1.12839548e+04,1.14386605e+04,1.85293481e+00,2.92366500e+02,6.22633700e+00,7.07235312e+00,1.98350153e+04,1.53614668e+04,3.52645140e+02,2.22526703e+02,1.12839548e+02,8.12292337e+02,5.11936618e+02,6.79196296e+02,7.44496822e+02,2.28576524e+02,NaN,NaN,NaN,NaN
"2021Q4",6.60021511e+03,1.12839548e+04,1.14386605e+04,1.86551263e+00,2.92366500e+02,6.22633700e+00,7.13031046e+00,2.01302917e+04,1.55114601e+04,3.52645140e+02,2.22526703e+02,1.12839548e+02,8.12292337e+02,5.11936618e+02,6.79196296e+02,7.44496822e+02,2.28576524e+02,NaN,NaN,NaN,NaN
"2022Q1",6.64441900e+03,1.18409189e+04,1.20032606e+04,1.88099060e+00,2.92366500e+02,6.22633700e+00,7.04956298e+00,2.04433730e+04,1.56688597e+04,3.74695100e+02,2.32248134e+02,1.18409189e+02,8.12292337e+02,5.11936618e+02,6.79196296e+02,7.44496822e+02,2.28576524e+02,NaN,NaN,NaN,NaN
"2022Q2",6.67193406e+03,1.18409189e+04,1.20032606e+04,1.89375343e+00,2.92366500e+02,6.22633700e+00,7.13980625e+00,2.07564543e+04,1.58262593e+04,3.74695100e+02,2.32248134e+02,1.18409189e+02,8.12292337e+02,5.11936618e+02,6.79196296e+02,7.44496822e+02,2.28576524e+02,NaN,NaN,NaN,NaN
"2022Q3",6.69833066e+03,1.18409189e+04,1.20032606e+04,1.90852286e+00,2.92366500e+02,6.22633700e+00,7.07235218e+00,2.10695356e+04,1.59836589e+04,3.74695100e+02,2.32248134e+02,1.18409189e+02,8.12292337e+02,5.11936618e+02,6.79196296e+02,7.44496822e+02,2.28576524e+02,NaN,NaN,NaN,NaN
"2022Q4",6.72426674e+03,1.18409189e+04,1.20032606e+04,1.92147801e+00,2.92366500e+02,6.22633700e+00,7.13030994e+00,2.13826169e+04,1.61410586e+04,3.74695100e+02,2.32248134e+02,1.18409189e+02,8.12292337e+02,5.11936618e+02,6.79196296e+02,7.44496822e+02,2.28576524e+02,NaN,NaN,NaN,NaN
"2023Q1",6.76970990e+03,1.24261238e+04,1.25964889e+04,1.93742031e+00,2.92366500e+02,6.22633700e+00,7.04956253e+00,2.17145006e+04,1.63062409e+04,3.98060895e+02,2.42351117e+02,1.24261238e+02,8.12292337e+02,5.11936618e+02,6.79196296e+02,7.44496822e+02,2.28576524e+02,NaN,NaN,NaN,NaN
"2023Q2",6.79774380e+03,1.24261238e+04,1.25964889e+04,1.95056604e+00,2.92366500e+02,6.22633700e+00,7.13980560e+00,2.20463842e+04,1.64714233e+04,3.98060895e+02,2.42351117e+02,1.24261238e+02,8.12292337e+02,5.11936618e+02,6.79196296e+02,7.44496822e+02,2.28576524e+02,NaN,NaN,NaN,NaN
"2023Q3",6.82463815e+03,1.24261238e+04,1.25964889e+04,1.96577854e+00,2.92366500e+02,6.22633700e+00,7.07235087e+00,2.23782679e+04,1.66366057e+04,3.98060895e+02,2.42351117e+02,1.24261238e+02,8.12292337e+02,5.11936618e+02,6.79196296e+02,7.44496822e+02,2.28576524e+02,NaN,NaN,NaN,NaN
"2023Q4",6.85106329e+03,1.24261238e+04,1.25964889e+04,1.97912235e+00,2.92366500e+02,6.22633700e+00,7.13030711e+00,2.27101516e+04,1.68017880e+04,3.98060895e+02,2.42351117e+02,1.24261238e+02,8.12292337e+02,5.11936618e+02,6.79196296e+02,7.44496822e+02,2.28576524e+02,NaN,NaN,NaN,NaN
"2024Q1",6.89765467e+03,1.30408017e+04,1.32195941e+04,1.99554292e+00,2.92366500e+02,6.22633700e+00,7.04955630e+00,2.30619004e+04,1.69751544e+04,4.22818792e+02,2.52867769e+02,1.30408017e+02,8.12292337e+02,5.11936618e+02,6.79196296e+02,7.44496822e+02,2.28576524e+02,NaN,NaN,NaN,NaN
"2024Q2",6.92621840e+03,1.30408017e+04,1.32195941e+04,2.00908302e+00,2.92366500e+02,6.22633700e+00,7.13979181e+00,2.34136492e+04,1.71485208e+04,4.22818792e+02,2.52867769e+02,1.30408017e+02,8.12292337e+02,5.11936618e+02,6.79196296e+02,7.44496822e+02,2.28576524e+02,NaN,NaN,NaN,NaN
"2024Q3",6.95362104e+03,1.30408017e+04,1.32195941e+04,2.02475190e+00,2.92366500e+02,6.22633700e+00,7.07232036e+00,2.37653980e+04,1.73218871e+04,4.22818792e+02,2.52867769e+02,1.30408017e+02,8.12292337e+02,5.11936618e+02,6.79196296e+02,7.44496822e+02,2.28576524e+02,NaN,NaN,NaN,NaN
"2024Q4",6.98054561e+03,1.30408017e+04,1.32195941e+04,2.03849602e+00,2.92366500e+02,6.22633700e+00,7.13023956e+00,2.41171468e+04,1.74952535e+04,4.22818792e+02,2.52867769e+02,1.30408017e+02,8.12292337e+02,5.11936618e+02,6.79196296e+02,7.44496822e+02,2.28576524e+02,NaN,NaN,NaN,NaN
"2025Q1",7.02822531e+03,1.36862902e+04,1.38739324e+04,2.05540921e+00,2.92366500e+02,6.22633700e+00,7.04940675e+00,2.44898862e+04,1.76772284e+04,4.49041136e+02,2.63830409e+02,1.36862902e+02,8.12292337e+02,5.11936618e+02,6.79196296e+02,7.44496822e+02,2.28576524e+02,NaN,NaN,NaN,NaN
"2025Q2",7.05732974e+03,1.36862902e+04,1.38739324e+04,2.06935551e+00,2.92366500e+02,6.22633700e+00,7.13946071e+00,2.48626256e+04,1.78592032e+04,4.49041136e+02,2.63830409e+02,1.36862902e+02,8.12292337e+02,5.11936618e+02,6.79196296e+02,7.44496822e+02,2.28576524e+02,NaN,NaN,NaN,NaN
"2025Q3",7.08525111e+03,1.36862902e+04,1.38739324e+04,2.08549445e+00,2.92366500e+02,6.22633700e+00,7.07158728e+00,2.52353649e+04,1.80411781e+04,4.49041136e+02,2.63830409e+02,1.36862902e+02,8.12292337e+02,5.11936618e+02,6.79196296e+02,7.44496822e+02,2.28576524e+02,NaN,NaN,NaN,NaN
"2025Q4",7.11268535e+03,1.36862902e+04,1.38739324e+04,2.09965090e+00,2.92366500e+02,6.22633700e+00,7.12861646e+00,2.56081043e+04,1.82231529e+04,4.49041136e+02,2.63830409e+02,1.36862902e+02,8.12292337e+02,5.11936618e+02,6.79196296e+02,7.44496822e+02,2.28576524e+02,NaN,NaN,NaN,NaN
"2026Q1",7.16176159e+03,1.43647196e+04,1.45616633e+04,2.11707149e+00,2.92366500e+02,6.22633700e+00,7.04581205e+00,2.60028546e+04,1.84141008e+04,4.76574659e+02,2.75284968e+02,1.43647196e+02,8.12292337e+02,5.11936618e+02,6.79196296e+02,7.44496822e+02,2.28576524e+02,NaN,NaN,NaN,NaN
"2026Q2",7.19141901e+03,1.43647196e+04,1.45616633e+04,2.13143617e+00,2.92366500e+02,6.22633700e+00,7.13147752e+00,2.63976049e+04,1.86050487e+04,4.76574659e+02,2.75284968e+02,1.43647196e+02,8.12292337e+02,5.11936618e+02,6.79196296e+02,7.44496822e+02,2.28576524e+02,NaN,NaN,NaN,NaN
"2026Q3",7.21987088e+03,1.43647196e+04,1.45616633e+04,2.14805929e+00,2.92366500e+02,6.22633700e+00,7.05343369e+00,2.67923551e+04,1.87959966e+04,4.76574659e+02,2.75284968e+02,1.43647196e+02,8.12292337e+02,5.11936618e+02,6.79196296e+02,7.44496822e+02,2.28576524e+02,NaN,NaN,NaN,NaN
"2026Q4",7.24782637e+03,1.43647196e+04,1.45616633e+04,2.16264043e+00,2.92366500e+02,6.22633700e+00,7.07760550e+00,2.71871054e+04,1.89869445e+04,4.76574659e+02,2.75284968e+02,1.43647196e+02,8.12292337e+02,5.11936618e+02,6.79196296e+02,7.44496822e+02,2.28576524e+02,NaN,NaN,NaN,NaN