"Variables ->","gdp","gdp_agriculture","cpi","cpi_core1","cpi_freshfood","cpi_administ","fisc_bal","mmr","neer","eur_tnd","usd_tnd","gdp_ea","cpi_ea","nr_ea","cpi_us","wp_oil","gdp_nom","credit_total","credit_eses","credit_houshl","gdp_agr_nom","credit_agriculture","cred_new_flows_u","cred_new_ir","cred_new_hh_flows_u","cred_new_hh_ir","cred_new_eses_flows_u","cred_new_eses_ir","il_ceil","gdpxa_nom","credxa","cred_new_flows","cred_new_flows2"
"Comments ->","","","","","","","","","","","","","","","","","","","","","","","","","","","","","","","","",""
"Class[Size] ->","Series[104-by-1]","Series[104-by-1]","Series[104-by-1]","Series[104-by-1]","Series[104-by-1]","Series[104-by-1]","Series[104-by-1]","Series[104-by-1]","Series[104-by-1]","Series[104-by-1]","Series[104-by-1]","Series[104-by-1]","Series[104-by-1]","Series[104-by-1]","Series[104-by-1]","Series[104-by-1]","Series[104-by-1]","Series[104-by-1]","Series[104-by-1]","Series[104-by-1]","Series[104-by-1]","Series[104-by-1]","Series[104-by-1]","Series[104-by-1]","Series[104-by-1]","Series[104-by-1]","Series[104-by-1]","Series[104-by-1]","Series[104-by-1]","Series[104-by-1]","Series[104-by-1]","Series[104-by-1]","Series[104-by-1]"
"2000Q1",13513.9699999999993452,1314.6199999999998909,61.0499999999999972,62.9200000000000017,49.5200000000000031,62.3299999999999983,-9.4000000000000004,5.8799999999999999,166.9099999999999966,1.2600000000000000,1.2800000000000000,2098387.2999999998137355,75.1599999999999966,3.5400000000000000,71.7800000000000011,52.3999999999999986,7462.1300000000001091,16380.8600000000005821,NaN,NaN,691.9201442999999472,691.9201442999999472,NaN,NaN,NaN,NaN,NaN,NaN,NaN,6770.2098556999999346,15688.9398557000004075,NaN,NaN
"2000Q2",13651.4099999999998545,1333.4500000000000455,60.9900000000000020,63.0799999999999983,47.4299999999999997,62.6599999999999966,3.7999999999999998,5.8799999999999999,164.4699999999999989,1.2700000000000000,1.3600000000000001,2117632.7999999998137355,75.3900000000000006,4.2599999999999998,72.2399999999999949,49.7000000000000028,7599.8500000000003638,17000.1399999999994179,NaN,NaN,694.0060184000000163,694.0060184000000163,NaN,NaN,NaN,NaN,NaN,NaN,NaN,6905.8439816000000064,16306.1339815999999701,NaN,NaN
"2000Q3",13990.6599999999998545,1329.3399999999999181,61.0600000000000023,63.2599999999999980,47.0000000000000000,62.7299999999999969,-0.7000000000000000,5.8799999999999999,163.8899999999999864,1.2600000000000000,1.3999999999999999,2129067.7000000001862645,76.0600000000000023,4.7400000000000002,72.9399999999999977,55.2000000000000028,7767.6300000000001091,17579.6399999999994179,NaN,NaN,704.3132580999999846,704.3132580999999846,NaN,NaN,NaN,NaN,NaN,NaN,NaN,7063.3167419000001246,16875.3267419000003429,NaN,NaN
"2000Q4",14228.5900000000001455,1337.6500000000000909,61.1300000000000026,63.4600000000000009,46.7500000000000000,62.6400000000000006,-6.5999999999999996,5.8799999999999999,163.0099999999999909,1.2600000000000000,1.4500000000000000,2143279.2000000001862645,76.6299999999999955,5.0199999999999996,73.6500000000000057,59.0000000000000000,7992.0500000000001819,18023.4799999999995634,NaN,NaN,716.6932607999999618,716.6932607999999618,NaN,NaN,NaN,NaN,NaN,NaN,NaN,7275.3567392000004475,17306.7867392000007385,NaN,NaN
"2001Q1",14317.1599999999998545,1347.5799999999999272,61.4600000000000009,63.7299999999999969,47.3100000000000023,63.0600000000000023,-3.3999999999999999,5.9800000000000004,161.9499999999999886,1.2800000000000000,1.3899999999999999,2165203.7999999998137355,76.7699999999999960,4.7500000000000000,74.2199999999999989,50.3999999999999986,8172.2200000000002547,18514.1300000000010186,NaN,NaN,722.7632300000000214,722.7632300000000214,NaN,NaN,NaN,NaN,NaN,NaN,12.1416679500000004,7449.4567700000006880,17791.3667700000005425,NaN,NaN
"2001Q2",14289.1499999999996362,1295.9300000000000637,62.0099999999999980,64.0400000000000063,49.4299999999999997,63.3500000000000014,-0.8000000000000000,6.0599999999999996,161.4199999999999875,1.2700000000000000,1.4600000000000000,2167266.5000000000000000,77.5999999999999943,4.5899999999999999,74.6700000000000017,51.1000000000000014,8260.6700000000000728,18974.7999999999992724,NaN,NaN,721.7239005000000134,721.7239005000000134,NaN,NaN,NaN,NaN,NaN,NaN,12.1416679500000004,7538.9460994999999457,18253.0760994999982358,NaN,NaN
"2001Q3",14151.3299999999999272,1271.3399999999999181,62.4299999999999997,64.3299999999999983,49.7400000000000020,64.1700000000000017,-0.6000000000000000,6.0599999999999996,159.8300000000000125,1.2900000000000000,1.4500000000000000,2169425.2000000001862645,77.9099999999999966,4.2699999999999996,74.9099999999999966,46.0000000000000000,8384.1299999999991996,19528.7500000000000000,NaN,NaN,706.0205977000000530,706.0205977000000530,NaN,NaN,NaN,NaN,NaN,NaN,12.1139561499999999,7678.1094022999986919,18822.7294022999994922,NaN,NaN
"2001Q4",14177.6599999999998545,1265.6500000000000909,62.8699999999999974,64.5400000000000063,51.0600000000000023,64.6200000000000045,-7.2999999999999998,5.9600000000000000,159.0300000000000011,1.3000000000000000,1.4500000000000000,2171991.8999999999068677,78.2500000000000000,3.4399999999999999,75.0100000000000051,38.5000000000000000,8431.1700000000000728,19980.8100000000013097,NaN,NaN,700.8333986999999752,700.8333986999999752,NaN,NaN,NaN,NaN,NaN,NaN,12.1139561499999999,7730.3366013000004386,19279.9766013000007661,NaN,NaN
"2002Q1",14131.6800000000002910,1181.4700000000000273,63.1899999999999977,64.9200000000000017,51.0900000000000034,65.0900000000000034,-3.1000000000000001,5.9400000000000004,159.5399999999999920,1.3000000000000000,1.4800000000000000,2174042.5000000000000000,78.7699999999999960,3.3599999999999999,75.1599999999999966,41.2999999999999972,8444.5300000000006548,20221.6399999999994179,NaN,NaN,652.7541525000000320,652.7541525000000320,NaN,NaN,NaN,NaN,NaN,NaN,11.9807281200000002,7791.7758475000009639,19568.8858474999979080,NaN,NaN
"2002Q2",14101.5799999999999272,1186.2899999999999636,63.1700000000000017,65.1599999999999966,49.3900000000000006,65.1899999999999977,-3.6000000000000001,5.9400000000000004,156.7400000000000091,1.3300000000000001,1.4500000000000000,2185839.2000000001862645,79.2300000000000040,3.4500000000000002,75.6400000000000006,47.2000000000000028,8555.1000000000003638,20589.8800000000010186,NaN,NaN,642.2259916000000430,642.2259916000000430,NaN,NaN,NaN,NaN,NaN,NaN,11.9807281200000002,7912.8740084000000934,19947.6540084000007482,NaN,NaN
"2002Q3",14040.5799999999999272,1163.3599999999999000,63.3800000000000026,65.3400000000000034,49.8200000000000003,65.3700000000000045,1.2000000000000000,5.9500000000000002,155.3499999999999943,1.3600000000000001,1.3799999999999999,2194912.8999999999068677,79.5600000000000023,3.3599999999999999,76.1099999999999994,49.0000000000000000,8667.1399999999994179,20740.6500000000014552,NaN,NaN,645.7344504000000143,645.7344504000000143,NaN,NaN,NaN,NaN,NaN,NaN,11.9167028899999998,8021.4055495999991763,20094.9155496000021230,NaN,NaN
"2002Q4",14120.9799999999995634,1136.3599999999999000,63.7199999999999989,65.5499999999999972,49.9699999999999989,65.9800000000000040,-3.2000000000000002,5.9100000000000001,153.3100000000000023,1.3799999999999999,1.3799999999999999,2198372.0000000000000000,80.0199999999999960,3.1099999999999999,76.6400000000000006,53.2999999999999972,8792.0499999999992724,20918.7999999999992724,NaN,NaN,661.7569548999999824,661.7569548999999824,NaN,NaN,NaN,NaN,NaN,NaN,11.9167028899999998,8130.2930450999992900,20257.0430450999992900,NaN,NaN
"2003Q1",14112.0799999999999272,1251.4900000000000091,63.8400000000000034,65.7800000000000011,49.4099999999999966,66.4399999999999977,-3.7999999999999998,5.8600000000000003,151.0099999999999909,1.4199999999999999,1.3200000000000001,2191630.7000000001862645,80.6400000000000006,2.6800000000000002,77.3599999999999994,61.2999999999999972,8953.6900000000005093,21028.1599999999998545,18197.2299999999995634,2951.1500000000000909,717.9207209999999577,717.9207209999999577,NaN,NaN,NaN,NaN,NaN,NaN,11.8049467499999992,8235.7692790000000969,20310.2392790000012610,NaN,NaN
"2003Q2",14548.7299999999995634,1331.1800000000000637,64.3400000000000034,65.9099999999999966,51.0399999999999991,67.0799999999999983,-1.0000000000000000,5.4400000000000004,148.4900000000000091,1.4600000000000000,1.2900000000000000,2193526.1000000000931323,80.7999999999999972,2.3599999999999999,77.2399999999999949,49.2999999999999972,9159.7299999999995634,20917.3100000000013097,17935.6100000000005821,2954.0900000000001455,756.9769410000000107,756.9769410000000107,NaN,NaN,NaN,NaN,NaN,NaN,11.8049467499999992,8402.7530589999987569,20160.3330590000005031,NaN,NaN
"2003Q3",14854.2900000000008731,1423.8399999999999181,65.1899999999999977,66.2300000000000040,54.4699999999999989,67.9099999999999966,-1.6000000000000001,5.0000000000000000,148.8000000000000114,1.4500000000000000,1.2900000000000000,2205380.0000000000000000,81.2000000000000028,2.1400000000000001,77.7500000000000000,51.7999999999999972,9340.7099999999991269,21038.1800000000002910,17984.8300000000017462,2957.5000000000000000,806.1415954999999940,806.1415954999999940,NaN,NaN,NaN,NaN,NaN,NaN,11.6575141500000008,8534.5684044999998150,20232.0384044999991602,NaN,NaN
"2003Q4",15065.0799999999999272,1488.5000000000000000,65.2999999999999972,66.5300000000000011,51.6400000000000006,68.9000000000000057,-5.0999999999999996,5.0000000000000000,146.8700000000000045,1.4900000000000000,1.2500000000000000,2221593.7000000001862645,81.6599999999999966,2.1499999999999999,78.0999999999999943,58.3999999999999986,9606.0100000000002183,21247.0900000000001455,18211.9399999999986903,3043.5999999999999091,850.9207469000000401,850.9207469000000401,NaN,NaN,NaN,NaN,NaN,NaN,11.6575141500000008,8755.0892531000008603,20396.1692531000007875,NaN,NaN
"2004Q1",15440.7900000000008731,1506.3299999999999272,66.0699999999999932,66.7099999999999937,56.7299999999999969,69.2699999999999960,-3.7999999999999998,5.0000000000000000,144.8600000000000136,1.5300000000000000,1.2200000000000000,2232544.8999999999068677,82.0900000000000034,2.0600000000000001,78.7900000000000063,62.5000000000000000,9866.3299999999999272,21741.5900000000001455,18711.4700000000011642,3141.9299999999998363,883.1147360999999592,883.1147360999999592,NaN,NaN,NaN,NaN,NaN,NaN,11.0510759600000004,8983.2152638999996270,20858.4752638999998453,NaN,NaN
"2004Q2",15517.7299999999995634,1530.3800000000001091,66.2900000000000063,67.1400000000000006,54.6599999999999966,69.8700000000000045,-1.0000000000000000,5.0000000000000000,143.9300000000000068,1.5300000000000000,1.2700000000000000,2246701.7999999998137355,82.6599999999999966,2.0800000000000001,79.4200000000000017,66.7999999999999972,10058.7299999999995634,22037.8300000000017462,18704.5200000000004366,3305.0300000000002001,914.6021138999999494,914.6021138999999494,NaN,NaN,NaN,NaN,NaN,NaN,11.0510759600000004,9144.1278860999991593,21123.2278861000013421,NaN,NaN
"2004Q3",15880.5900000000001455,1580.6600000000000819,66.3799999999999955,67.5300000000000011,53.0700000000000003,70.0900000000000034,0.2000000000000000,5.0000000000000000,143.1100000000000136,1.5400000000000000,1.2600000000000000,2252131.7000000001862645,83.0499999999999972,2.1200000000000001,79.8199999999999932,75.5999999999999943,10287.0699999999997090,22298.0900000000001455,18798.0200000000004366,3423.6700000000000728,934.9841960999999628,934.9841960999999628,NaN,NaN,NaN,NaN,NaN,NaN,10.9370571499999993,9352.0858038999995188,21363.1058039000017743,NaN,NaN
"2004Q4",15972.8999999999996362,1622.5899999999999181,66.5499999999999972,67.8100000000000023,52.2400000000000020,70.4200000000000017,-4.2000000000000002,5.0000000000000000,139.5300000000000011,1.5900000000000001,1.2300000000000000,2260325.0000000000000000,83.5499999999999972,2.1600000000000001,80.7199999999999989,87.5000000000000000,10494.7299999999995634,22658.4300000000002910,19117.9399999999986903,3543.5500000000001819,933.3016813000000411,933.3016813000000411,NaN,NaN,NaN,NaN,NaN,NaN,10.9370571499999993,9561.4283187000000908,21725.1283187000008184,NaN,NaN
"2005Q1",15905.0100000000002183,1416.2100000000000364,67.1500000000000057,68.2600000000000051,54.0600000000000023,71.0300000000000011,-3.5000000000000000,5.0000000000000000,136.6200000000000045,1.6200000000000001,1.2300000000000000,2265689.2000000001862645,83.8499999999999943,2.1400000000000001,81.2500000000000000,94.0000000000000000,10519.2099999999991269,22801.4300000000002910,19186.0900000000001455,3702.0999999999999091,868.1267827000000352,868.1267827000000352,NaN,NaN,NaN,NaN,NaN,NaN,10.9349426399999992,9651.0832172999998875,21933.3032172999992326,NaN,NaN
"2005Q2",16207.8700000000008004,1432.5999999999999091,67.6700000000000017,68.6599999999999966,54.5499999999999972,71.6400000000000006,0.9000000000000000,5.0000000000000000,136.3400000000000034,1.6100000000000001,1.2800000000000000,2278561.0000000000000000,84.3299999999999983,2.1200000000000001,81.7199999999999989,96.2999999999999972,10861.5400000000008731,23464.0400000000008731,19565.1800000000002910,3878.4699999999997999,905.8587188999999853,905.8587188999999853,NaN,NaN,NaN,NaN,NaN,NaN,10.9349426399999992,9955.6812811000017973,22558.1812811000017973,NaN,NaN
"2005Q3",16386.3699999999989814,1423.1400000000001000,68.2399999999999949,69.0000000000000000,55.4200000000000017,72.6099999999999994,1.5000000000000000,5.0000000000000000,135.3000000000000114,1.6100000000000001,1.3200000000000001,2295530.7999999998137355,84.9599999999999937,2.1299999999999999,82.8299999999999983,111.9000000000000057,11092.6599999999998545,23916.6100000000005821,19701.5699999999997090,4161.9099999999998545,917.3907927999999856,917.3907927999999856,NaN,NaN,NaN,NaN,NaN,NaN,10.8867510400000000,10175.2692071999990731,22999.2192071999998007,NaN,NaN
"2005Q4",16607.6399999999994179,1482.7699999999999818,68.8199999999999932,69.5199999999999960,56.3900000000000006,73.0900000000000034,-8.8000000000000007,5.0000000000000000,134.6399999999999864,1.6100000000000001,1.3600000000000001,2310482.6000000000931323,85.4899999999999949,2.3399999999999999,83.7600000000000051,112.7000000000000028,11422.0699999999997090,24321.2599999999983993,19901.5999999999985448,4418.2299999999995634,968.9382108999999446,968.9382108999999446,NaN,NaN,NaN,NaN,NaN,NaN,10.8867510400000000,10453.1317890999998781,23352.3217890999985684,NaN,NaN
"2006Q1",16811.2099999999991269,1555.7300000000000182,69.4000000000000057,70.0499999999999972,56.6400000000000006,74.1700000000000017,-0.1000000000000000,5.0000000000000000,133.9900000000000091,1.6200000000000001,1.3500000000000001,2330725.0000000000000000,85.8700000000000045,2.6099999999999999,84.2999999999999972,124.0999999999999943,11721.6499999999996362,24695.5099999999983993,20135.5900000000001455,4616.3299999999999272,1013.6019209999999475,1013.6019209999999475,NaN,NaN,NaN,NaN,NaN,NaN,10.9416508199999996,10708.0480790000001434,23681.9080789999970875,NaN,NaN
"2006Q2",16999.4900000000016007,1561.8499999999999091,70.0400000000000063,70.4899999999999949,57.5600000000000023,74.9200000000000017,2.5000000000000000,5.0000000000000000,131.3600000000000136,1.6699999999999999,1.3300000000000001,2356330.7000000001862645,86.4000000000000057,2.8900000000000001,84.9500000000000028,128.5000000000000000,11927.3999999999996362,25241.0099999999983993,20423.9000000000014552,4806.6000000000003638,1008.9822299999999586,1008.9822299999999586,NaN,NaN,NaN,NaN,NaN,NaN,10.9416508199999996,10918.4177700000000186,24232.0277699999969627,NaN,NaN
"2006Q3",17223.4500000000007276,1541.7899999999999636,70.3700000000000045,70.8799999999999955,57.4299999999999997,75.3700000000000045,2.6000000000000001,5.0199999999999996,130.1899999999999977,1.6899999999999999,1.3200000000000001,2369964.2000000001862645,86.8100000000000023,3.2200000000000002,85.5400000000000063,127.2999999999999972,12085.8999999999996362,25879.0800000000017462,20652.9900000000016007,5194.4899999999997817,1023.1873409999999467,1023.1873409999999467,NaN,NaN,NaN,NaN,NaN,NaN,10.6871288500000006,11062.7126589999988937,24855.8926590000010037,NaN,NaN
"2006Q4",17612.3499999999985448,1549.5299999999999727,70.8299999999999983,71.3700000000000045,58.2299999999999969,75.5499999999999972,-12.5000000000000000,5.2699999999999996,129.6999999999999886,1.7000000000000000,1.3200000000000001,2397853.0000000000000000,87.0300000000000011,3.5899999999999999,85.4000000000000057,118.4000000000000057,12262.3700000000008004,25932.9000000000014552,20746.3600000000005821,5184.8100000000004002,1002.5858580000000302,1002.5858580000000302,NaN,NaN,NaN,NaN,NaN,NaN,10.6871288500000006,11259.7841420000004291,24930.3141420000029029,NaN,NaN
"2007Q1",18224.1800000000002910,1567.6099999999999000,70.8900000000000006,71.2699999999999960,58.5200000000000031,76.1299999999999955,-1.1000000000000001,5.2900000000000000,128.7400000000000091,1.7200000000000000,1.3100000000000001,2412867.8999999999068677,87.5400000000000063,3.8199999999999998,86.4099999999999966,117.9000000000000057,12569.9799999999995634,26551.1100000000005821,21018.7000000000007276,5559.5399999999999636,1016.7987859999999500,1016.7987859999999500,NaN,NaN,NaN,NaN,NaN,NaN,10.7581545100000007,11553.1812140000001818,25534.3112140000012005,NaN,NaN
"2007Q2",18528.9799999999995634,1561.9100000000000819,71.8499999999999943,71.8299999999999983,61.2800000000000011,76.9099999999999966,0.5000000000000000,5.2400000000000002,126.8599999999999994,1.7500000000000000,1.3000000000000000,2430210.6000000000931323,88.0199999999999960,4.0599999999999996,87.1800000000000068,124.5000000000000000,12866.3400000000001455,26984.1100000000005821,21240.4900000000016007,5743.3000000000001819,1020.3749299999999494,1020.3749299999999494,NaN,NaN,NaN,NaN,NaN,NaN,10.7581545100000007,11845.9650700000001962,25963.7350700000024517,NaN,NaN
"2007Q3",18656.2200000000011642,1560.4500000000000455,72.6299999999999955,72.4099999999999966,62.1799999999999997,78.1200000000000045,1.3000000000000000,5.2000000000000002,127.0900000000000034,1.7500000000000000,1.2800000000000000,2440642.2999999998137355,88.4699999999999989,4.5000000000000000,87.5199999999999960,137.0999999999999943,13229.2800000000006548,27367.5999999999985448,21509.9199999999982538,5835.4700000000002547,1017.7552309999999807,1017.7552309999999807,NaN,NaN,NaN,NaN,NaN,NaN,10.7837995299999996,12211.5247690000014700,26349.8447689999993599,NaN,NaN
"2007Q4",18925.1599999999998545,1570.7100000000000364,73.3499999999999943,72.9399999999999977,62.1599999999999966,79.5900000000000034,-7.0999999999999996,5.2400000000000002,126.1400000000000006,1.7900000000000000,1.2300000000000000,2453763.3999999999068677,89.5799999999999983,4.7199999999999998,88.8100000000000023,176.6999999999999886,13660.3500000000003638,28346.4799999999995634,22188.6899999999986903,6159.9899999999997817,1054.6846430000000510,1054.6846430000000510,NaN,NaN,NaN,NaN,NaN,NaN,10.7837995299999996,12605.6653569999998581,27291.7953569999990577,NaN,NaN
"2008Q1",19357.0200000000004366,1534.3199999999999363,74.1800000000000068,73.6700000000000017,62.7000000000000028,81.0300000000000011,0.0000000000000000,5.2699999999999996,126.2399999999999949,1.8000000000000000,1.2000000000000000,2465397.5000000000000000,90.5400000000000063,4.4800000000000004,89.9500000000000028,196.6999999999999886,14091.9699999999993452,29452.1899999999986903,22950.4399999999986903,6515.8000000000001819,1018.2282930000000079,1018.2282930000000079,NaN,NaN,NaN,NaN,NaN,NaN,10.7727846399999994,13073.7417069999992236,28433.9617069999985688,NaN,NaN
"2008Q2",19265.2200000000011642,1554.1600000000000819,75.0499999999999972,74.6400000000000006,61.6799999999999997,82.2999999999999972,1.6000000000000001,5.2100000000000000,125.2699999999999960,1.8300000000000001,1.1699999999999999,2457362.5000000000000000,91.2600000000000051,4.8600000000000003,90.9899999999999949,219.9000000000000057,14514.1800000000002910,30289.0999999999985448,23457.4399999999986903,6836.1300000000001091,1044.3903199999999742,1044.3903199999999742,NaN,NaN,NaN,NaN,NaN,NaN,10.7727846399999994,13469.7896799999998620,29244.7096799999999348,NaN,NaN
"2008Q3",19496.3600000000005821,1564.7500000000000000,75.7999999999999972,75.4000000000000057,62.6000000000000014,83.0199999999999960,3.7999999999999998,5.2000000000000002,125.0600000000000023,1.8200000000000001,1.2100000000000000,2444204.8999999999068677,91.9699999999999989,4.9800000000000004,92.1899999999999977,214.0000000000000000,14668.2399999999997817,31396.8699999999989814,24260.0900000000001455,7116.8400000000001455,1050.1479070000000320,1050.1479070000000320,NaN,NaN,NaN,NaN,NaN,NaN,9.6184851800000004,13618.0920929999992950,30346.7220930000003136,NaN,NaN
"2008Q4",19539.7200000000011642,1564.1300000000001091,76.5999999999999943,76.1400000000000006,64.4300000000000068,83.4300000000000068,-7.7000000000000002,5.2100000000000000,124.3799999999999955,1.7800000000000000,1.3500000000000001,2400660.3999999999068677,91.6899999999999977,4.2100000000000000,90.2300000000000040,110.5000000000000000,14777.9799999999995634,32450.0999999999985448,25186.0099999999983993,7268.4099999999998545,1023.8190630000000283,1023.8190630000000283,NaN,NaN,NaN,NaN,NaN,NaN,9.6184851800000004,13754.1609369999987393,31426.2809369999995397,NaN,NaN
"2009Q1",19529.2999999999992724,1669.5699999999999363,76.9099999999999966,76.5300000000000011,64.7800000000000011,83.7300000000000040,0.2000000000000000,4.4800000000000004,120.9800000000000040,1.8400000000000001,1.4099999999999999,2325995.1000000000931323,91.4500000000000028,2.0099999999999998,89.8499999999999943,90.7000000000000028,14885.0300000000006548,33090.3899999999994179,25596.2099999999991269,7503.4300000000002910,1162.1419040000000678,1162.1419040000000678,NaN,NaN,NaN,NaN,NaN,NaN,9.5800156219999995,13722.8880960000005871,31928.2480959999993502,NaN,NaN
"2009Q2",19837.7700000000004366,1706.6099999999999000,77.7199999999999989,77.0600000000000023,67.1599999999999966,84.2300000000000040,5.4000000000000004,4.2599999999999998,119.7600000000000051,1.8700000000000001,1.3799999999999999,2325526.0000000000000000,91.4300000000000068,1.3100000000000001,89.9699999999999989,106.2999999999999972,15182.4699999999993452,33798.3300000000017462,26022.4399999999986903,7780.5100000000002183,1173.3286120000000210,1173.3286120000000210,NaN,NaN,NaN,NaN,NaN,NaN,9.5800156219999995,14009.1413880000000063,32625.0013880000005884,NaN,NaN
"2009Q3",19992.3499999999985448,1700.6400000000001000,78.3299999999999983,77.6200000000000045,68.6200000000000045,84.6099999999999994,-0.5000000000000000,4.2500000000000000,120.2600000000000051,1.8899999999999999,1.3200000000000001,2334586.3999999999068677,91.6899999999999977,0.8700000000000000,90.7500000000000000,128.1999999999999886,15571.2000000000007276,35028.8600000000005821,26751.6199999999989814,8256.4400000000005093,1186.0324310000000878,1186.0324310000000878,NaN,NaN,NaN,NaN,NaN,NaN,8.8140704149999998,14385.1675690000010945,33842.8275690000009490,NaN,NaN
"2009Q4",20251.0200000000004366,1712.9500000000000455,78.9200000000000017,78.3100000000000023,69.1500000000000057,84.9399999999999977,-16.0000000000000000,4.2300000000000004,119.6099999999999994,1.9099999999999999,1.2900000000000000,2345249.5000000000000000,92.0600000000000023,0.7200000000000000,91.5199999999999960,147.4000000000000057,15906.2600000000002183,36066.2799999999988358,27405.9900000000016007,8667.4699999999993452,1211.3257499999999709,1211.3257499999999709,NaN,NaN,NaN,NaN,NaN,NaN,8.8140704149999998,14694.9342500000002474,34854.9542499999952270,NaN,NaN
"2010Q1",20519.2599999999983993,1509.0699999999999363,79.5600000000000023,78.9800000000000040,69.5799999999999983,85.7999999999999972,5.2999999999999998,4.1299999999999999,119.1500000000000057,1.8899999999999999,1.3700000000000001,2354649.8999999999068677,92.4300000000000068,0.6600000000000000,91.8700000000000045,151.9000000000000057,16247.2800000000006548,37028.3899999999994179,27961.0900000000001455,9075.2299999999995634,1100.3985359999999218,1100.3985359999999218,NaN,NaN,NaN,NaN,NaN,NaN,8.4271189119999992,15146.8814640000000509,35927.9914639999988140,NaN,NaN
"2010Q2",20615.3699999999989814,1538.0000000000000000,80.1500000000000057,79.4800000000000040,70.4399999999999977,86.3100000000000023,3.8999999999999999,4.2900000000000000,118.2000000000000028,1.8700000000000001,1.4700000000000000,2377503.8999999999068677,92.8900000000000006,0.6899999999999999,91.6200000000000045,143.3000000000000114,16460.8800000000010186,38996.9199999999982538,29396.2599999999983993,9605.7900000000008731,1122.1779779999999391,1122.1779779999999391,NaN,NaN,NaN,NaN,NaN,NaN,8.4271189119999992,15338.7020220000013069,37874.7420219999985420,NaN,NaN
"2010Q3",20752.7599999999983993,1547.5799999999999272,80.7900000000000063,79.9899999999999949,71.0799999999999983,87.2500000000000000,1.8999999999999999,4.5499999999999998,116.9500000000000028,1.8999999999999999,1.4700000000000000,2387972.7999999998137355,93.2999999999999972,0.8800000000000000,91.8700000000000045,144.4000000000000057,16672.0099999999983993,40712.1100000000005821,30717.2400000000016007,9973.8799999999991996,1151.9799350000000686,1151.9799350000000686,NaN,NaN,NaN,NaN,NaN,NaN,8.1732760130000006,15520.0300649999990128,39560.1300649999975576,NaN,NaN
"2010Q4",20607.6399999999994179,1575.1700000000000728,81.3499999999999943,80.5900000000000034,71.8199999999999932,87.6200000000000045,-14.6999999999999993,4.7599999999999998,116.2999999999999972,1.9299999999999999,1.4199999999999999,2402922.7000000001862645,93.9000000000000057,1.0200000000000000,92.6800000000000068,169.8000000000000114,16757.5800000000017462,42394.1600000000034925,31893.7700000000004366,10506.2600000000002183,1155.7029689999999391,1155.7029689999999391,NaN,NaN,NaN,NaN,NaN,NaN,8.1732760130000006,15601.8770310000018071,41238.4570310000053723,NaN,NaN
"2011Q1",19966.5000000000000000,1671.3599999999999000,81.8299999999999983,81.2999999999999972,72.6099999999999994,87.5199999999999960,0.6000000000000000,4.6500000000000004,116.0699999999999932,1.9399999999999999,1.4199999999999999,2423240.6000000000931323,94.7000000000000028,1.0900000000000001,93.7399999999999949,204.0999999999999943,16528.5900000000001455,44130.4700000000011642,33252.9499999999970896,10888.1499999999996362,1232.1612860000000182,1232.1612860000000182,NaN,NaN,NaN,NaN,NaN,NaN,8.4308463580000002,15296.4287139999996725,42898.3087139999988722,NaN,NaN
"2011Q2",20210.2500000000000000,1707.6400000000001000,82.5199999999999960,81.9899999999999949,74.4300000000000068,87.6299999999999955,4.5999999999999996,4.4699999999999998,115.0199999999999960,1.9800000000000000,1.3700000000000001,2423186.8999999999068677,95.4800000000000040,1.4099999999999999,94.8199999999999932,217.0000000000000000,16917.0200000000004366,45655.0100000000020373,34332.6800000000002910,11328.3299999999999272,1252.1081500000000233,1252.1081500000000233,NaN,NaN,NaN,NaN,NaN,NaN,8.4308463580000002,15664.9118500000004133,44402.9018500000020140,NaN,NaN
"2011Q3",20225.6500000000014552,1727.5399999999999636,83.4699999999999989,82.8900000000000006,77.4099999999999966,87.6200000000000045,0.0000000000000000,3.7500000000000000,115.2800000000000011,1.9600000000000000,1.3899999999999999,2426203.6000000000931323,95.8299999999999983,1.5600000000000001,95.3400000000000034,212.5000000000000000,16964.7400000000016007,46899.5599999999976717,35163.8700000000026193,11715.2800000000006548,1300.4469619999999850,1300.4469619999999850,NaN,NaN,NaN,NaN,NaN,NaN,8.3626295800000001,15664.2930380000016157,45599.1130379999958677,NaN,NaN
"2011Q4",20410.3899999999994179,1765.2300000000000182,84.4699999999999989,83.7699999999999960,79.6200000000000045,88.4000000000000057,-17.1999999999999993,3.2400000000000002,114.5300000000000011,1.9600000000000000,1.4500000000000000,2416281.3999999999068677,96.6400000000000006,1.5000000000000000,95.7500000000000000,213.4000000000000057,17337.4300000000002910,48278.1699999999982538,35989.5100000000020373,12292.3899999999994179,1351.9210789999999633,1351.9210789999999633,NaN,NaN,NaN,NaN,NaN,NaN,8.3626295800000001,15985.5089210000005551,46926.2489209999985178,NaN,NaN
"2012Q1",20697.0600000000013097,1819.8699999999998909,85.4399999999999977,84.6800000000000068,82.3499999999999943,88.7199999999999989,4.7000000000000002,3.3500000000000001,112.5400000000000063,1.9800000000000000,1.5100000000000000,2411180.8999999999068677,97.2699999999999960,1.0400000000000000,96.3199999999999932,228.5999999999999943,17857.9700000000011642,49725.7200000000011642,36685.2200000000011642,13051.8099999999994907,1468.4734759999998914,1468.4734759999998914,1364.4141259999998965,5.5735226280000001,412.7541572999999744,6.5274406479999998,820.4889047000000346,5.1507742590000003,7.6943685459999998,16389.4965240000019548,48257.2465240000019548,1479.5242270554099377,2959.0484541108198755
"2012Q2",20918.0600000000013097,1866.3099999999999454,86.2199999999999989,85.6800000000000068,83.2500000000000000,88.9000000000000057,-2.2000000000000002,3.6800000000000002,110.1800000000000068,2.0099999999999998,1.5700000000000001,2404793.2999999998137355,97.8499999999999943,0.7000000000000000,96.6299999999999955,204.0000000000000000,18223.2299999999995634,50914.5400000000008731,37247.3300000000017462,13671.7800000000006548,1528.5093899999999394,1528.5093899999999394,1730.1158279999999650,5.8185631590000000,520.7497147000000268,6.8123505379999996,1048.3657539999999244,5.3822647469999998,7.6943685459999998,16694.7206100000003062,49386.0306100000016158,1665.3380932880500040,3330.6761865761000081
"2012Q3",21209.0499999999992724,1881.2699999999999818,87.4200000000000017,86.8599999999999994,85.1099999999999994,89.7099999999999937,-2.3999999999999999,3.8799999999999999,109.9200000000000017,2.0099999999999998,1.6000000000000001,2402010.8999999999068677,98.2500000000000000,0.3600000000000000,96.9500000000000028,207.1999999999999886,18748.2000000000007276,52238.6999999999970896,37877.3000000000029104,14343.5300000000006548,1549.3471239999998943,1549.3471239999998943,1440.7061900000001060,5.8617056610000002,368.0351506999999742,6.8144011180000001,934.2438519999999471,5.5139421080000002,7.3428600209999999,17198.8528760000008333,50689.3528759999971953,1515.6684599438799523,3031.3369198877599047
"2012Q4",21404.8800000000010186,1905.0399999999999636,88.5100000000000051,87.7099999999999937,87.2999999999999972,91.0199999999999960,-20.1000000000000014,4.0999999999999996,108.9899999999999949,2.0400000000000000,1.5700000000000001,2391989.7999999998137355,98.8400000000000034,0.2000000000000000,97.5699999999999932,214.6999999999999886,19074.2599999999983993,52964.4199999999982538,38326.5800000000017462,14633.9400000000005093,1588.6784940000000006,1588.6784940000000006,1687.0567510000000766,5.9710402309999999,271.5140519999999924,6.8857245410000001,1235.4230410000000120,5.7976217470000000,7.3428600209999999,17485.5815059999986261,51375.7415059999984805,1552.1846471921799093,3104.3692943843598187
"2013Q1",21305.7099999999991269,1729.2000000000000455,89.9500000000000028,89.0400000000000063,90.3499999999999943,91.8700000000000045,-3.7999999999999998,4.2100000000000000,108.3799999999999955,2.0699999999999998,1.5700000000000001,2382936.7999999998137355,99.1200000000000045,0.2100000000000000,97.9500000000000028,218.5999999999999943,19299.8600000000005821,53884.2200000000011642,39062.2799999999988358,14838.2600000000002183,1531.8255950000000212,1531.8255950000000212,1541.2635749999999462,6.1163948259999996,285.8105560000000196,7.0296924379999997,1089.2753490000000056,5.9308432900000003,7.6290581609999997,17768.0344050000021525,52352.3944049999990966,1665.8717014091801047,3331.7434028183602095
"2013Q2",21536.3400000000001455,1764.8199999999999363,91.1700000000000017,90.1099999999999994,91.8700000000000045,93.3400000000000034,3.0000000000000000,4.7100000000000000,105.5799999999999983,2.1200000000000001,1.6200000000000001,2395718.1000000000931323,99.2300000000000040,0.2100000000000000,97.9800000000000040,192.9000000000000057,19726.6599999999998545,54752.3300000000017462,39602.2399999999979627,15156.9899999999997817,1567.3257229999999254,1567.3257229999999254,1755.7786989999999605,6.5909673880000001,392.2460800000000063,7.5108497150000000,1137.4112669999999525,6.3361789340000003,7.6290581609999997,18159.3342770000017481,53185.0042770000000019,1690.9017972701499275,3381.8035945402998550
"2013Q3",21640.2200000000011642,1779.9100000000000819,91.9500000000000028,91.2500000000000000,91.4000000000000057,93.6599999999999966,-5.0000000000000000,4.7300000000000004,102.7099999999999937,2.1899999999999999,1.6499999999999999,2403218.8999999999068677,99.5199999999999960,0.2200000000000000,98.4399999999999977,206.8000000000000114,19829.3499999999985448,55540.1699999999982538,39959.7900000000008731,15563.5100000000002183,1573.0473210000000108,1573.0473210000000108,1721.1650110000000495,6.6322564389999998,329.1910067000000026,7.6292612450000004,1182.6033330000000205,6.4173873490000002,8.0778041940000005,18256.3026790000003530,53967.1226790000000619,1820.2333858393299124,3640.4667716786598248
"2013Q4",21795.4599999999991269,1826.5899999999999181,92.9899999999999949,92.4099999999999966,94.5900000000000034,93.6899999999999977,-20.1000000000000014,4.7100000000000000,100.3900000000000006,2.2599999999999998,1.6599999999999999,2409822.8999999999068677,99.6200000000000045,0.2400000000000000,98.7600000000000051,212.5000000000000000,20249.6199999999989814,56748.4100000000034925,40713.1100000000005821,16028.4899999999997817,1632.5717340000001059,1632.5717340000001059,1986.8320940000000974,6.7941528529999999,373.2966572999999926,7.6843540939999997,1392.1643070000000080,6.5903616639999996,8.0778041940000005,18617.0482659999979660,55115.8382660000061151,1821.4512431077200745,3642.9024862154401490
"2014Q1",22044.8100000000013097,1881.2500000000000000,93.8900000000000006,93.5900000000000034,93.3499999999999943,94.8700000000000045,1.7000000000000000,4.7100000000000000,103.2800000000000011,2.2000000000000002,1.6000000000000001,2419470.1000000000931323,99.8299999999999983,0.3000000000000000,99.3700000000000045,210.5000000000000000,20677.7799999999988358,57359.6500000000014552,40862.0299999999988358,16515.2700000000004366,1741.0152499999999236,1741.0152499999999236,1670.8923170000000482,6.9311332659999998,402.4154520000000161,7.7970177580000000,1072.1116500000000542,6.6927616660000000,8.4021317369999995,18936.7647499999984575,55618.6347500000047148,1796.1186633533700387,3592.2373267067400775
"2014Q2",22191.2000000000007276,1944.8299999999999272,95.0499999999999972,94.7699999999999960,95.0999999999999943,95.7099999999999937,-0.2000000000000000,4.7300000000000004,101.8799999999999955,2.2300000000000000,1.6200000000000001,2424939.2999999998137355,99.7800000000000011,0.3000000000000000,99.9899999999999949,204.8000000000000114,21074.2299999999995634,58478.3899999999994179,41531.1699999999982538,16951.8600000000005821,1806.3805070000000796,1806.3805070000000796,1930.6349370000000363,6.9245193110000001,450.5506973000000244,7.8275185519999999,1240.6121219999999994,6.6772416809999999,8.4021317369999995,19267.8494929999978922,56672.0094929999977467,1869.1722155233599096,3738.3444310467198193
"2014Q3",22329.6699999999982538,1959.8399999999999181,96.6400000000000006,95.8199999999999932,97.6400000000000006,97.8499999999999943,-2.8999999999999999,4.9500000000000002,97.7800000000000011,2.2999999999999998,1.7300000000000000,2435849.3999999999068677,99.7999999999999972,0.1600000000000000,100.1599999999999966,191.8000000000000114,21624.2099999999991269,59640.7500000000000000,42439.3799999999973807,17187.1899999999986903,1875.8323319999999512,1875.8323319999999512,1797.3577419999999165,7.0080032420000000,299.0093840000000114,7.8988894439999999,1281.3491180000000895,6.8472476430000002,8.6544626620000003,19748.3776680000009947,57764.9176680000018678,1914.9205153780198998,3829.8410307560397996
"2014Q4",22380.2200000000011642,1975.4100000000000819,97.4200000000000017,96.8599999999999994,98.6099999999999994,98.2600000000000051,-17.1000000000000014,4.9100000000000001,97.6599999999999966,2.2900000000000000,1.8300000000000001,2445989.3999999999068677,99.7800000000000011,0.0800000000000000,99.9699999999999989,147.0000000000000000,21981.2200000000011642,60836.8300000000017462,43351.3600000000005821,17473.5200000000004366,1892.0436859999999797,1892.0436859999999797,1949.1715839999999389,7.0391689829999997,265.5731920000000059,7.9141998820000001,1475.7552729999999883,6.8921363959999997,8.6544626620000003,20089.1763140000002750,58944.7863140000044950,1769.8489697938100562,3539.6979395876201124
"2015Q1",22397.0400000000008731,2044.9800000000000182,98.7300000000000040,98.0600000000000023,100.2999999999999972,99.5499999999999972,0.9000000000000000,4.8399999999999999,99.9699999999999989,2.1800000000000002,1.9299999999999999,2461920.1000000000931323,99.5799999999999983,0.0500000000000000,99.3400000000000034,106.0999999999999943,22165.4399999999986903,62234.6800000000002910,44576.9400000000023283,17677.7299999999995634,1999.5129680000000008,1999.5129680000000008,1619.3205410000000484,7.0109398980000002,264.2256146999999942,7.9268868049999996,1151.4375210000000607,6.8585411729999999,8.8604698759999998,20165.9270319999995991,60235.1670319999975618,1734.2100207265400513,3468.4200414530801027
"2015Q2",22445.0800000000017462,2056.0399999999999636,99.6200000000000045,99.3700000000000045,99.9000000000000057,100.0699999999999932,-1.7000000000000000,4.7900000000000000,101.2699999999999960,2.1499999999999999,1.9399999999999999,2472813.3999999999068677,100.2099999999999937,-0.0100000000000000,99.9599999999999937,115.4000000000000057,22298.9700000000011642,63148.3899999999994179,45309.2300000000032014,17841.2000000000007276,2016.9930119999999079,2016.9930119999999079,1973.6428020000000743,7.0149530720000000,359.1101840000000038,7.9794400750000003,1373.8733560000000580,6.8377138420000003,8.8604698759999998,20281.9769880000021658,61131.3969880000004196,1928.2791514039399772,3856.5583028078799543
"2015Q3",22452.7000000000007276,2069.0599999999999454,100.3199999999999932,100.6700000000000017,99.2999999999999972,99.8299999999999983,-5.0999999999999996,4.7599999999999998,100.0499999999999972,2.1800000000000002,1.9600000000000000,2483840.5000000000000000,100.1299999999999955,-0.0300000000000000,100.2800000000000011,94.2999999999999972,22522.0999999999985448,63856.7500000000000000,45782.6699999999982538,18065.3699999999989814,2102.0750870000001669,2102.0750870000001669,1658.6643679999999677,7.0203939960000001,326.9156600000000026,8.0259305350000005,1160.3407319999998890,6.7707580439999999,8.9608474349999998,20420.0249129999974684,61754.6749130000025616,1778.4728704258100151,3556.9457408516200303
"2015Q4",22504.5099999999983993,2098.2199999999997999,101.3299999999999983,101.8900000000000006,100.5499999999999972,100.5199999999999960,-12.0000000000000000,4.4400000000000004,98.7099999999999937,2.2000000000000002,2.0099999999999998,2495293.7999999998137355,100.0499999999999972,-0.0900000000000000,100.3900000000000006,83.9000000000000057,22814.8300000000017462,64932.7200000000011642,46593.3600000000005821,18324.6599999999998545,2150.6534729999998490,2150.6534729999998490,2133.4444239999997990,6.8913109920000002,371.9183413000000087,7.8609215179999996,1507.2401370000000043,6.7012581420000004,8.9608474349999998,20664.1765270000032615,62782.0665270000026794,1912.1516251674599971,3824.3032503349199942
"2016Q1",22545.6100000000005821,1856.8199999999999363,101.8900000000000006,102.9899999999999949,99.8299999999999983,100.4300000000000068,-6.7000000000000002,4.2199999999999998,97.1700000000000017,2.2400000000000002,2.0299999999999998,2509061.5000000000000000,99.6899999999999977,-0.1900000000000000,100.4300000000000068,67.4000000000000057,23279.3199999999997090,66137.9100000000034925,47324.5800000000017462,18835.7000000000007276,1942.0261789999999564,1942.0261789999999564,1989.9852940000000672,6.5694791700000001,411.9299639999999840,7.5941970080000001,1333.7672680000000582,6.3425761620000003,8.9151176680000006,21337.2938209999992978,64195.8838210000030813,2127.6369454440500704,4255.2738908881001407
"2016Q2",22697.3699999999989814,1890.1500000000000909,103.0000000000000000,104.0600000000000023,102.3400000000000034,100.8900000000000006,-3.1000000000000001,4.2300000000000004,93.7000000000000028,2.3399999999999999,2.0699999999999998,2515367.5000000000000000,100.0799999999999983,-0.2600000000000000,101.0100000000000051,85.0999999999999943,23712.5000000000000000,67734.0099999999947613,48408.9100000000034925,19320.8600000000005821,1996.7744090000001052,1996.7744090000001052,2167.9156790000001820,6.5341108309999996,509.4813667000000237,7.5098894800000000,1378.1038610000000517,6.2787414259999998,8.9151176680000006,21715.7255909999985306,65737.2355909999896539,2142.8332146312600344,4285.6664292625200687
"2016Q3",22716.2099999999991269,1919.7000000000000455,104.1299999999999955,105.2500000000000000,104.8499999999999943,101.0999999999999943,-4.0000000000000000,4.2599999999999998,89.6599999999999966,2.4600000000000000,2.2100000000000000,2526826.1000000000931323,100.3599999999999994,-0.3000000000000000,101.4399999999999977,87.2000000000000028,24015.1300000000010186,69369.5599999999976717,49564.7399999999979627,19805.8699999999989814,2063.4764860000000226,2063.4764860000000226,1904.1657999999999902,6.5668386820000002,455.4902106999999774,7.4582124419999998,1245.8215099999999893,6.3147867020000001,8.3666768929999993,21951.6535140000014508,67306.0835139999981038,2051.5852157674798946,4103.1704315349597891
"2016Q4",22824.7000000000007276,1968.7899999999999636,105.4800000000000040,107.2099999999999937,104.7000000000000028,101.9099999999999966,-9.3000000000000007,4.2699999999999996,88.7500000000000000,2.4500000000000002,2.2799999999999998,2545723.6000000000931323,100.7900000000000063,-0.3100000000000000,102.1599999999999966,96.0000000000000000,24260.1199999999989814,70878.9299999999930151,50561.5000000000000000,20295.8199999999997090,2124.0772929999998269,2124.0772929999998269,2426.0758049999999457,6.5708722679999996,516.4149240000000418,7.4241603669999998,1655.7169659999999567,6.3539684610000000,8.3666768929999993,22136.0427070000005187,68754.8527069999981904,2143.0464392647500063,4286.0928785295000125
"2017Q1",23061.3199999999997090,1991.8199999999999363,106.7199999999999989,108.7099999999999937,106.6500000000000057,102.3100000000000023,-7.5000000000000000,4.2800000000000002,88.4099999999999966,2.4500000000000002,2.2999999999999998,2563751.2999999998137355,101.4599999999999937,-0.3300000000000000,102.9699999999999989,105.7999999999999972,24751.1199999999989814,72322.1799999999930151,51576.3799999999973807,20772.6500000000014552,2229.3108889999998610,2229.3108889999998610,2095.3377150000001166,6.5805724909999999,540.0515106999999944,7.4127126680000002,1324.1287259999999151,6.3172422690000003,8.4296545559999991,22521.8091109999986656,70092.8691109999926994,2240.7034014348701021,4481.4068028697402042
"2017Q2",23170.2500000000000000,2014.6800000000000637,108.0100000000000051,110.4599999999999937,106.9099999999999966,102.8400000000000034,-4.5999999999999996,4.7300000000000004,82.3700000000000045,2.6699999999999999,2.4199999999999999,2584349.2000000001862645,101.5900000000000034,-0.3300000000000000,102.9399999999999977,93.2999999999999972,25320.0999999999985448,74905.2299999999959255,53483.6600000000034925,21409.6199999999989814,2278.8148630000000594,2278.8148630000000594,2349.4845439999999144,6.7741501189999997,580.7404279999999517,7.6102107659999998,1572.6208129999999983,6.5096414899999999,8.4296545559999991,23041.2851369999989402,72626.4151369999890449,2353.5304087022100248,4707.0608174044200496
"2017Q3",23266.8199999999997090,2033.7999999999999545,109.9899999999999949,112.2999999999999972,109.8700000000000045,104.6400000000000006,-6.2999999999999998,5.1900000000000004,78.7399999999999949,2.8500000000000001,2.4600000000000000,2602493.0000000000000000,101.8299999999999983,-0.3300000000000000,103.4800000000000040,99.5999999999999943,25730.8300000000017462,77171.6300000000046566,55177.9800000000032014,22003.5200000000004366,2321.7815099999997983,2321.7815099999997983,2366.2784999999998945,7.2425633789999999,481.9399346999999807,8.1213690429999996,1660.4470870000000104,7.0223542009999997,8.4405252629999996,23409.0484900000010384,74849.8484900000039488,2551.4345158191499650,5102.8690316382999299
"2017Q4",23304.0499999999992724,2041.1700000000000728,111.8100000000000023,114.2500000000000000,114.1899999999999977,105.0699999999999932,-5.2000000000000002,5.2300000000000004,77.2099999999999937,2.9300000000000002,2.4900000000000002,2624764.8999999999068677,102.2500000000000000,-0.3300000000000000,104.2800000000000011,117.2000000000000028,26162.2200000000011642,79809.3099999999976717,57297.2200000000011642,22495.0900000000001455,2337.7137929999998960,2337.7137929999998960,3249.3281569999999192,7.2697194590000001,514.8936240000000453,8.1334671620000005,2393.1109280000000581,7.1119393000000004,8.4405252629999996,23824.5062070000021777,77471.5962069999950472,2835.6632342427001277,5671.3264684854002553
"2018Q1",23620.8199999999997090,2156.6799999999998363,114.0900000000000034,117.1099999999999994,115.5199999999999960,106.6599999999999966,-3.5000000000000000,5.7300000000000004,77.2600000000000051,2.9700000000000002,2.4399999999999999,2626564.0000000000000000,102.7300000000000040,-0.3300000000000000,105.2300000000000040,129.0999999999999943,27253.3400000000001455,82326.5399999999935972,59419.6800000000002910,22925.9300000000002910,2834.0170640000001185,2834.0170640000001185,2634.5857949999999619,7.5043254959999999,530.1548920000000180,8.3770605929999995,1848.3940050000001065,7.3054627170000002,9.0665359399999996,24419.3229360000004817,79492.5229359999939334,2818.0866966180901727,5636.1733932361803454
"2018Q2",23935.2999999999992724,2117.9200000000000728,116.1200000000000045,119.2600000000000051,118.5000000000000000,107.6299999999999955,-2.8999999999999999,6.5400000000000000,75.3100000000000023,3.0400000000000000,2.5200000000000000,2639516.0000000000000000,103.3199999999999932,-0.3300000000000000,105.7500000000000000,139.5999999999999943,28056.5200000000004366,84432.6000000000058208,61076.6200000000026193,23333.3400000000001455,2741.4729120000001785,2741.4729120000001785,2961.4316250000001673,8.2924559680000005,556.8955600000000459,9.2071361120000006,2110.9694380000000820,8.0821476650000008,9.0665359399999996,25315.0470879999993485,81691.1270880000083707,3007.3126394926598550,6014.6252789853197100
"2018Q3",23926.6500000000014552,2103.8800000000001091,118.0300000000000011,121.7500000000000000,118.4599999999999937,109.2600000000000051,-4.9000000000000004,7.2599999999999998,70.7800000000000011,3.1800000000000002,2.7300000000000000,2641126.2999999998137355,103.9800000000000040,-0.3200000000000000,106.2399999999999949,146.6999999999999886,28507.6500000000014552,86343.7700000000040745,62742.3000000000029104,23622.3300000000017462,2756.5121800000001713,2756.5121800000001713,3125.5576129999999466,8.8888774759999993,430.8641946999999846,9.7317319280000003,2260.9624850000000151,8.7438167310000008,9.7043028660000008,25751.1378199999999197,83587.2578199999989010,3361.8349094719801542,6723.6698189439603084
"2018Q4",23682.7799999999988358,2178.2300000000000182,120.1800000000000068,124.1899999999999977,121.1700000000000017,110.4000000000000057,-6.5999999999999996,7.2500000000000000,67.2600000000000051,3.3199999999999998,2.9100000000000001,2656444.3999999999068677,104.2300000000000040,-0.3200000000000000,106.5699999999999932,127.2999999999999972,28755.3699999999989814,88142.6499999999941792,64308.6699999999982538,23831.6899999999986903,2840.7968609999998080,2840.7968609999998080,3934.1779480000000149,9.1345246329999998,442.4840459999999780,9.8957074019999993,3113.3985529999999926,9.0306223090000000,9.7043028660000008,25914.5731390000000829,85301.8531389999989187,3401.2518613866100168,6802.5037227732200336
"2019Q1",24038.8600000000005821,2200.3299999999999272,122.2800000000000011,126.2199999999999989,126.6899999999999977,111.4099999999999966,-3.2000000000000002,7.4600000000000000,64.4099999999999966,3.4600000000000000,3.0400000000000000,2675638.3999999999068677,104.1599999999999966,-0.3100000000000000,106.9399999999999977,120.7999999999999972,29590.7999999999992724,89252.3999999999941792,65400.9300000000002910,23852.3699999999989814,2908.8354190000000017,2908.8354190000000017,2940.2541249999999309,9.2752566479999992,396.6059387000000243,9.9930798050000007,2271.1109459999997853,9.1318531029999992,10.9277719799999993,26681.9645810000001802,86343.5645809999987250,3149.7850570419300311,6299.5701140838600622
"2019Q2",24420.1399999999994179,2286.7800000000002001,124.0400000000000063,128.2299999999999898,127.0600000000000023,112.7300000000000040,-5.0000000000000000,7.8499999999999996,66.0799999999999983,3.3599999999999999,2.9800000000000000,2680623.1000000000931323,104.7900000000000063,-0.3200000000000000,107.6700000000000017,129.5999999999999943,30905.4799999999995634,90274.8200000000069849,66459.7200000000011642,23785.6399999999994179,2932.2834720000000743,2932.2834720000000743,3272.3149140000000443,9.9199407639999997,423.6293266999999787,10.6137026999999993,2412.4244429999998829,9.7810045700000003,10.9277719799999993,27973.1965280000003986,87342.5365280000114581,3361.8616244473801089,6723.7232488947602178
"2019Q3",24305.0699999999997090,2300.0300000000002001,125.8199999999999932,130.3700000000000045,128.5099999999999909,114.1099999999999994,-2.0000000000000000,7.8300000000000001,69.1599999999999966,3.1899999999999999,2.8700000000000001,2687280.5000000000000000,104.9599999999999937,-0.4000000000000000,108.0999999999999943,120.4000000000000057,31150.5499999999992724,91262.5200000000040745,67403.5899999999965075,23885.6300000000010186,3045.1456229999998868,3045.1456229999998868,2993.5992820000001302,9.9778736800000001,396.6471432999999820,10.6593409700000006,2237.8664149999999609,9.8003830599999997,11.6559138000000004,28105.4043769999989308,88217.3743770000000950,3200.8831352605498068,6401.7662705210996137
"2019Q4",23855.5099999999983993,2258.2800000000002001,127.7500000000000000,132.2500000000000000,130.5800000000000125,116.0400000000000063,-3.3999999999999999,7.8200000000000003,69.8900000000000006,3.1499999999999999,2.8500000000000001,2687083.7999999998137355,105.3100000000000023,-0.4000000000000000,108.7699999999999960,118.0999999999999943,30973.3499999999985448,91610.2700000000040745,67649.9299999999930151,23980.6199999999989814,2937.7561829999999645,2937.7561829999999645,3533.4655109999998785,10.0116444799999993,422.2499986999999919,10.7197176200000008,2715.4253950000002078,9.8703962749999992,11.6559138000000004,28035.5938169999972160,88672.5138169999991078,3042.3589102923501741,6084.7178205847003483
"2020Q1",23167.5400000000008731,2300.7600000000002183,129.5600000000000023,133.9099999999999966,133.6399999999999864,117.9000000000000057,-3.3999999999999999,7.6699999999999999,70.0199999999999960,3.1400000000000001,2.8500000000000001,2593918.2999999998137355,105.2699999999999960,-0.4100000000000000,109.2099999999999937,95.9000000000000057,30469.7900000000008731,93168.9499999999970896,69029.0500000000029104,24115.2500000000000000,2979.6731899999999769,2979.6731899999999769,2802.9164799999998650,9.9907359079999996,415.3112353000000212,10.7344361500000005,2028.7378960000000916,9.8261052689999993,12.4082561499999997,27490.1168099999995320,90189.2768099999957485,3007.5267834537598901,6015.0535669075197802
"2020Q2",19554.3100000000013097,2258.8000000000001819,131.5800000000000125,135.7599999999999909,135.2500000000000000,119.8400000000000034,-9.1999999999999993,6.7999999999999998,69.1099999999999994,3.1800000000000002,2.8900000000000001,2290892.6000000000931323,105.0400000000000063,-0.3000000000000000,108.0199999999999960,59.8999999999999986,25658.3600000000005821,93985.2799999999988358,69771.2599999999947613,24185.4300000000002910,3001.7227499999999054,3001.7227499999999054,2866.2941689999997834,9.1145406399999995,197.9933522999999980,9.9529340420000008,2318.3163519999998243,9.0717555319999992,12.4082561499999997,22656.6372499999997672,90983.5572499999980209,2961.0137951071801581,5922.0275902143603162
"2020Q3",22560.2000000000007276,2255.0300000000002001,132.7100000000000080,137.3000000000000114,136.0000000000000000,120.7199999999999989,-13.8000000000000007,6.7900000000000000,69.6200000000000045,3.2400000000000002,2.7700000000000000,2578419.8999999999068677,104.9300000000000068,-0.4700000000000000,109.4099999999999966,83.2999999999999972,30826.6300000000010186,95570.1199999999953434,70776.8200000000069849,24827.4700000000011642,2963.4645559999999023,2963.4645559999999023,2963.1808890000002066,9.0457111809999997,446.8525027000000023,9.8057602609999996,2203.5682259999998678,8.8858741139999999,12.3523481400000001,27863.1654440000020259,92606.6554439999890747,3156.8494785114598926,6313.6989570229197852
"2020Q4",22280.5499999999992724,2271.3400000000001455,134.2100000000000080,138.8199999999999932,138.3499999999999943,121.6800000000000068,-11.5000000000000000,6.1799999999999997,69.5400000000000063,3.2700000000000000,2.7400000000000002,2569394.1000000000931323,105.0400000000000063,-0.5200000000000000,110.1700000000000017,83.7000000000000028,30743.1300000000010186,97428.3500000000058208,72291.3699999999953434,25163.1899999999986903,2977.7766580000002250,2977.7766580000002250,3848.3106469999997898,8.5960852170000006,484.4642972999999984,9.3851815470000002,2946.6045159999998759,8.4490514500000007,12.3523481400000001,27765.3533420000021579,94450.5733420000033220,3310.7346613282697945,6621.4693226565395889
"2021Q1",22677.1300000000010186,2142.7199999999997999,135.8799999999999955,140.7400000000000091,139.2800000000000011,123.3400000000000034,-2.6000000000000001,6.2100000000000000,69.3700000000000045,3.2900000000000000,2.7300000000000000,2564133.2999999998137355,106.3499999999999943,-0.5400000000000000,111.2999999999999972,115.0000000000000000,31434.9099999999998545,98031.3999999999941792,72255.6600000000034925,25739.4799999999995634,2800.1761099999998805,2800.1761099999998805,3193.4694500000000517,8.3615688420000005,510.4643353000000161,9.1471571419999993,2301.6365470000000641,8.2039093540000003,11.5121250800000006,28634.7338899999995192,95231.2238899999938440,3427.7724458251200303,6855.5448916502400607
"2021Q2",22599.6100000000005821,2153.5300000000002001,138.4199999999999875,142.7500000000000000,143.6100000000000136,125.5699999999999932,-3.2999999999999998,6.2500000000000000,68.6500000000000057,3.3199999999999998,2.7700000000000000,2620314.2000000001862645,107.0000000000000000,-0.5400000000000000,113.1700000000000017,131.0999999999999943,31417.7599999999983993,99914.1799999999930151,73763.9400000000023283,26122.5099999999983993,2914.3581199999998717,2914.3581199999998717,3219.3564630000000761,8.4046958420000006,532.5633493000000271,9.2988211229999997,2340.8008190000000468,8.2041737559999994,11.5121250800000006,28503.4018799999976181,96999.8218799999885960,3331.4308344456399027,6662.8616688912798054
"2021Q3",22553.7900000000008731,2194.6399999999998727,141.0200000000000102,144.6299999999999955,148.7700000000000102,129.1599999999999966,-8.5000000000000000,6.2699999999999996,68.5499999999999972,3.2999999999999998,2.7999999999999998,2677796.3999999999068677,107.8900000000000006,-0.5500000000000000,115.2500000000000000,141.8000000000000114,NaN,101332.6799999999930151,75039.7799999999988358,26334.7700000000004366,NaN,NaN,3005.6666669999999613,8.3716314420000000,451.6666667000000075,9.3237712580000007,2235.0000000000000000,8.1743766139999998,11.0954953500000002,NaN,NaN,3197.3909170361998804,6394.7818340723997608
"2021Q4",23154.3800000000010186,2161.0000000000000000,142.9600000000000080,147.1599999999999966,150.2800000000000011,129.9300000000000068,-18.8000000000000007,6.2500000000000000,67.9500000000000028,3.2799999999999998,2.8799999999999999,2709930.0000000000000000,108.2999999999999972,-0.5600000000000001,117.3900000000000006,149.0000000000000000,NaN,NaN,NaN,NaN,NaN,NaN,NaN,NaN,NaN,NaN,NaN,NaN,11.0954953500000002,NaN,NaN,NaN,NaN
"2022Q1",23224.2999999999992724,2151.0000000000000000,145.2299999999999898,149.5300000000000011,152.7700000000000102,131.8600000000000136,NaN,NaN,NaN,NaN,NaN,2739806.8999999999068677,108.6500000000000057,-0.5400000000000000,119.5600000000000023,142.5999999999999943,NaN,NaN,NaN,NaN,NaN,NaN,NaN,NaN,NaN,NaN,NaN,NaN,NaN,NaN,NaN,NaN,NaN
"2022Q2",NaN,NaN,147.2800000000000011,151.4099999999999966,154.5999999999999943,133.8499999999999943,NaN,NaN,NaN,NaN,NaN,2761725.3999999999068677,108.9599999999999937,-0.5400000000000000,120.3400000000000034,143.4000000000000057,NaN,NaN,NaN,NaN,NaN,NaN,NaN,NaN,NaN,NaN,NaN,NaN,NaN,NaN,NaN,NaN,NaN
"2022Q3",NaN,NaN,NaN,NaN,NaN,NaN,NaN,NaN,NaN,NaN,NaN,2781057.5000000000000000,109.4000000000000057,-0.5400000000000000,121.9899999999999949,143.0999999999999943,NaN,NaN,NaN,NaN,NaN,NaN,NaN,NaN,NaN,NaN,NaN,NaN,NaN,NaN,NaN,NaN,NaN
"2022Q4",NaN,NaN,NaN,NaN,NaN,NaN,NaN,NaN,NaN,NaN,NaN,2794962.7999999998137355,109.8299999999999983,-0.5400000000000000,123.0900000000000034,137.8000000000000114,NaN,NaN,NaN,NaN,NaN,NaN,NaN,NaN,NaN,NaN,NaN,NaN,NaN,NaN,NaN,NaN,NaN
"2023Q1",NaN,NaN,NaN,NaN,NaN,NaN,NaN,NaN,NaN,NaN,NaN,2809273.0000000000000000,110.2500000000000000,-0.5400000000000000,124.4699999999999989,136.8000000000000114,NaN,NaN,NaN,NaN,NaN,NaN,NaN,NaN,NaN,NaN,NaN,NaN,NaN,NaN,NaN,NaN,NaN
"2023Q2",NaN,NaN,NaN,NaN,NaN,NaN,NaN,NaN,NaN,NaN,NaN,2820510.1000000000931323,110.6200000000000045,-0.5400000000000000,126.0000000000000000,136.5000000000000000,NaN,NaN,NaN,NaN,NaN,NaN,NaN,NaN,NaN,NaN,NaN,NaN,NaN,NaN,NaN,NaN,NaN
"2023Q3",NaN,NaN,NaN,NaN,NaN,NaN,NaN,NaN,NaN,NaN,NaN,2831792.1000000000931323,111.0300000000000011,-0.5400000000000000,126.4000000000000057,135.6999999999999886,NaN,NaN,NaN,NaN,NaN,NaN,NaN,NaN,NaN,NaN,NaN,NaN,NaN,NaN,NaN,NaN,NaN
"2023Q4",NaN,NaN,NaN,NaN,NaN,NaN,NaN,NaN,NaN,NaN,NaN,2843119.2999999998137355,111.5799999999999983,-0.5400000000000000,127.3199999999999932,133.0999999999999943,NaN,NaN,NaN,NaN,NaN,NaN,NaN,NaN,NaN,NaN,NaN,NaN,NaN,NaN,NaN,NaN,NaN
"2024Q1",NaN,NaN,NaN,NaN,NaN,NaN,NaN,NaN,NaN,NaN,NaN,2853923.1000000000931323,112.0600000000000023,-0.4000000000000000,128.2299999999999898,132.5000000000000000,NaN,NaN,NaN,NaN,NaN,NaN,NaN,NaN,NaN,NaN,NaN,NaN,NaN,NaN,NaN,NaN,NaN
"2024Q2",NaN,NaN,NaN,NaN,NaN,NaN,NaN,NaN,NaN,NaN,NaN,2865624.2000000001862645,112.5100000000000051,-0.3800000000000000,129.5399999999999920,132.0999999999999943,NaN,NaN,NaN,NaN,NaN,NaN,NaN,NaN,NaN,NaN,NaN,NaN,NaN,NaN,NaN,NaN,NaN
"2024Q3",NaN,NaN,NaN,NaN,NaN,NaN,NaN,NaN,NaN,NaN,NaN,2877659.7999999998137355,113.0300000000000011,-0.3500000000000000,129.8499999999999943,131.5999999999999943,NaN,NaN,NaN,NaN,NaN,NaN,NaN,NaN,NaN,NaN,NaN,NaN,NaN,NaN,NaN,NaN,NaN
"2024Q4",NaN,NaN,NaN,NaN,NaN,NaN,NaN,NaN,NaN,NaN,NaN,2891184.7999999998137355,113.5199999999999960,-0.3300000000000000,130.5399999999999920,130.1999999999999886,NaN,NaN,NaN,NaN,NaN,NaN,NaN,NaN,NaN,NaN,NaN,NaN,NaN,NaN,NaN,NaN,NaN
"2025Q1",NaN,NaN,NaN,NaN,NaN,NaN,NaN,NaN,NaN,NaN,NaN,2900725.7000000001862645,114.0400000000000063,-0.3000000000000000,131.1899999999999977,130.0000000000000000,NaN,NaN,NaN,NaN,NaN,NaN,NaN,NaN,NaN,NaN,NaN,NaN,NaN,NaN,NaN,NaN,NaN
"2025Q2",NaN,NaN,NaN,NaN,NaN,NaN,NaN,NaN,NaN,NaN,NaN,2909427.8999999999068677,114.5900000000000034,-0.2800000000000000,132.3199999999999932,129.6999999999999886,NaN,NaN,NaN,NaN,NaN,NaN,NaN,NaN,NaN,NaN,NaN,NaN,NaN,NaN,NaN,NaN,NaN
"2025Q3",NaN,NaN,NaN,NaN,NaN,NaN,NaN,NaN,NaN,NaN,NaN,2918156.2000000001862645,115.1599999999999966,-0.2500000000000000,132.7400000000000091,129.3000000000000114,NaN,NaN,NaN,NaN,NaN,NaN,NaN,NaN,NaN,NaN,NaN,NaN,NaN,NaN,NaN,NaN,NaN
"2025Q4",NaN,NaN,NaN,NaN,NaN,NaN,NaN,NaN,NaN,NaN,NaN,2926327.0000000000000000,115.6700000000000017,-0.2300000000000000,133.5200000000000102,128.8000000000000114,NaN,NaN,NaN,NaN,NaN,NaN,NaN,NaN,NaN,NaN,NaN,NaN,NaN,NaN,NaN,NaN,NaN